index,accuracy,latitude,longitude,timestamp,tdiff,geodist,location,day,week,month,year,visit_time
0,28,19.0332048,72.8389898,2018-01-03 11:12:44.470,406,53,"(19.0332048, 72.838989799999993)",2,1,1,2018,876
1,25,19.033091,72.838848,2018-01-03 11:48:32.737,1271,20,"(19.033090999999999, 72.838847999999999)",2,1,1,2018,1197
2,20,19.0551184,72.8520868,2018-01-03 12:45:27.283,145,74,"(19.055118400000001, 72.852086799999995)",2,1,1,2018,1571
3,20,19.0551184,72.8520868,2018-01-03 14:45:06.261,5604,0,"(19.055118400000001, 72.852086799999995)",2,1,1,2018,5716
4,27,19.1365367,72.8315405,2018-01-06 11:34:30.178,29,102,"(19.136536700000001, 72.831540500000003)",5,1,1,2018,407
5,5,19.0987264,72.8459972,2018-01-10 09:03:26.000,15,66,"(19.0987264, 72.845997199999999)",2,2,1,2018,2849
6,24,19.097369,72.8500018,2018-01-10 09:51:56.578,58,80,"(19.097369, 72.850001800000001)",2,2,1,2018,803
7,50,19.054599,72.852072,2018-01-10 10:25:34.945,405,63,"(19.054599, 72.852072000000007)",2,2,1,2018,9039
8,26,19.05454,72.8525063,2018-01-10 14:10:53.768,141,84,"(19.054539999999999, 72.852506300000002)",2,2,1,2018,5083
9,35,19.0547683,72.8520291,2018-01-10 20:37:02.385,18073,28,"(19.054768299999999, 72.852029099999996)",2,2,1,2018,13675
10,24,19.0549294,72.8521892,2018-01-11 01:52:40.379,1801,31,"(19.054929399999999, 72.852189199999998)",3,2,1,2018,2968
11,29,19.0768199,72.834551,2018-01-13 11:00:13.591,57,68,"(19.0768199, 72.834551000000005)",5,2,1,2018,6412
12,25,19.0547944,72.8522412,2018-01-13 14:37:25.439,5285,1518,"(19.054794399999999, 72.852241199999995)",5,2,1,2018,981
13,45,19.0547586,72.8520284,2018-01-13 18:11:51.482,11624,33,"(19.0547586, 72.852028399999995)",5,2,1,2018,2500
14,50,19.0548479,72.8519756,2018-01-13 19:50:05.668,3392,8,"(19.054847899999999, 72.851975600000003)",5,2,1,2018,369
15,30,19.0547809,72.8520993,2018-01-14 02:42:57.537,1250,13,"(19.054780900000001, 72.852099300000006)",6,2,1,2018,467
16,20,19.0551138,72.8520897,2018-01-14 06:57:15.414,14789,27,"(19.055113800000001, 72.852089699999993)",6,2,1,2018,3096
17,25,19.0547497,72.8522135,2018-01-14 08:53:35.153,2252,3,"(19.054749699999999, 72.852213500000005)",6,2,1,2018,647
18,24,19.1072651,72.8369048,2018-01-16 01:35:01.035,58,175,"(19.107265099999999, 72.836904799999999)",1,3,1,2018,23983
19,27,19.0545562,72.8523365,2018-01-16 09:01:23.433,17,58,"(19.0545562, 72.852336500000007)",1,3,1,2018,2368
20,48,19.0549791,72.8521896,2018-01-16 11:26:26.978,6331,9,"(19.054979100000001, 72.852189600000003)",1,3,1,2018,1582
21,24,19.0545701,72.8522511,2018-01-16 14:27:45.306,63,53,"(19.054570099999999, 72.852251100000004)",1,3,1,2018,598
22,24,19.0545993,72.8522808,2018-01-16 16:15:08.077,5843,16,"(19.0545993, 72.852280800000003)",1,3,1,2018,874
23,26,19.0546109,72.8522526,2018-01-17 01:28:50.606,32347,2,"(19.0546109, 72.8522526)",2,3,1,2018,622
24,25,19.05472,72.8522452,2018-01-17 03:19:16.826,3086,8,"(19.05472, 72.852245199999999)",2,3,1,2018,1007
25,20,19.1071809,72.8372098,2018-01-17 05:01:40.683,3600,55,"(19.107180899999999, 72.837209799999997)",2,3,1,2018,20752
26,26,19.054605,72.8522765,2018-01-17 11:12:52.153,64,144,"(19.054604999999999, 72.852276500000002)",2,3,1,2018,2800
27,33,19.0548579,72.8520924,2018-01-17 12:21:18.470,1294,14,"(19.054857899999998, 72.852092400000004)",2,3,1,2018,503
28,20,19.0551138,72.8520897,2018-01-17 12:56:43.523,1620,43,"(19.055113800000001, 72.852089699999993)",2,3,1,2018,10211
29,27,19.0547168,72.8522461,2018-01-17 16:10:15.397,1375,1,"(19.054716800000001, 72.852246100000002)",2,3,1,2018,6522
30,23,19.0551077,72.8520865,2018-01-17 18:22:10.816,1371,1,"(19.055107700000001, 72.852086499999999)",2,3,1,2018,1978
31,30,19.0548581,72.8520917,2018-01-18 01:12:27.384,1203,7,"(19.054858100000001, 72.852091700000003)",3,3,1,2018,1037
32,44,19.054752,72.8517027,2018-01-18 02:20:08.881,3023,47,"(19.054752000000001, 72.851702700000004)",3,3,1,2018,634
33,20,19.0551138,72.8520897,2018-01-18 03:15:26.386,1261,72,"(19.055113800000001, 72.852089699999993)",3,3,1,2018,2912
34,24,19.1072432,72.8370297,2018-01-18 04:41:07.580,61,107,"(19.107243199999999, 72.837029700000002)",3,3,1,2018,3374
35,20,19.1072324,72.8371315,2018-01-18 06:24:56.925,2845,1,"(19.107232400000001, 72.837131499999998)",3,3,1,2018,2222
36,23,19.1075442,72.837202,2018-01-18 08:05:47.465,3823,36,"(19.1075442, 72.837202000000005)",3,3,1,2018,10020
37,35,19.0546439,72.8522396,2018-01-18 12:37:16.402,401,1213,"(19.054643899999999, 72.852239600000004)",3,3,1,2018,1158
38,20,19.0154702,72.828164,2018-01-18 14:01:01.126,3129,0,"(19.015470199999999, 72.828164000000001)",3,3,1,2018,517
39,20,19.0551138,72.8520897,2018-01-18 16:15:58.659,4244,53,"(19.055113800000001, 72.852089699999993)",3,3,1,2018,4501
40,26,19.054695,72.8520226,2018-01-19 02:56:03.072,33886,47,"(19.054694999999999, 72.852022599999998)",4,3,1,2018,725
41,28,19.1073047,72.8368027,2018-01-19 04:53:00.114,58,298,"(19.1073047, 72.836802700000007)",4,3,1,2018,25253
42,26,19.054577,72.8522471,2018-01-19 13:09:05.151,2286,17,"(19.054576999999998, 72.8522471)",4,3,1,2018,801
43,24,19.0545497,72.8515618,2018-01-19 14:12:48.591,1665,87,"(19.054549699999999, 72.851561799999999)",4,3,1,2018,7477
44,20,19.0545497,72.8515618,2018-01-19 16:46:18.735,1715,0,"(19.054549699999999, 72.851561799999999)",4,3,1,2018,3833
45,16,19.1071037,72.8368301,2018-01-20 01:29:41.000,15,267,"(19.1071037, 72.8368301)",5,3,1,2018,11073
46,20,19.1072102,72.837146,2018-01-20 05:20:52.712,2764,0,"(19.107210200000001, 72.837146000000004)",5,3,1,2018,1224
47,36,19.1072646,72.8372343,2018-01-20 06:05:05.640,1425,11,"(19.107264600000001, 72.837234300000006)",5,3,1,2018,6597
48,32,19.0545497,72.8515618,2018-01-20 12:31:39.861,5491,83,"(19.054549699999999, 72.851561799999999)",5,3,1,2018,364
49,24,19.0546981,72.8522483,2018-01-20 13:30:10.800,3146,74,"(19.0546981, 72.852248299999999)",5,3,1,2018,2038
50,20,19.0154571,72.8281813,2018-01-20 15:11:58.972,3888,5049,"(19.015457099999999, 72.828181299999997)",5,3,1,2018,928
51,25,19.0544843,72.8522886,2018-01-20 15:36:52.765,59,53,"(19.054484299999999, 72.852288599999994)",5,3,1,2018,2335
52,20,19.0545497,72.8515618,2018-01-20 16:57:34.789,2503,81,"(19.054549699999999, 72.851561799999999)",5,3,1,2018,4154
53,36,19.0547695,72.8516935,2018-01-21 01:57:51.484,28252,28,"(19.054769499999999, 72.851693499999996)",6,3,1,2018,1087
54,26,19.054847,72.8521361,2018-01-21 03:18:34.085,3754,50,"(19.054846999999999, 72.852136099999996)",6,3,1,2018,742
55,20,19.0545497,72.8515618,2018-01-21 05:01:42.079,134,65,"(19.054549699999999, 72.851561799999999)",6,3,1,2018,2889
56,34,19.0545338,72.8521469,2018-01-21 07:39:11.869,4242,23,"(19.054533800000002, 72.852146899999994)",6,3,1,2018,1773
57,25,19.086562,72.889842,2018-01-21 09:28:46.736,65,68,"(19.086562000000001, 72.889842000000002)",6,3,1,2018,2792
58,23,19.0869699,72.8906214,2018-01-21 10:40:20.289,1491,34,"(19.0869699, 72.890621400000001)",6,3,1,2018,2223
59,25,19.08619,72.8888198,2018-01-21 11:24:38.510,60,72,"(19.086189999999998, 72.888819799999993)",6,3,1,2018,3780
60,25,19.0862221,72.8889209,2018-01-21 12:29:03.005,61,65,"(19.086222100000001, 72.888920900000002)",6,3,1,2018,1220
61,24,19.0857434,72.8892282,2018-01-21 12:50:32.777,61,53,"(19.085743399999998, 72.889228200000005)",6,3,1,2018,598
62,32,19.0546557,72.8523808,2018-01-21 14:40:23.242,5068,2992,"(19.054655700000001, 72.852380800000006)",6,3,1,2018,989
63,24,19.0544978,72.8522999,2018-01-21 15:36:54.382,2400,12,"(19.0544978, 72.852299900000006)",6,3,1,2018,2705
64,27,19.0548219,72.8522933,2018-01-22 02:35:05.569,35007,30,"(19.0548219, 72.852293299999999)",0,4,1,2018,1561
65,25,19.1071754,72.8369502,2018-01-22 03:53:03.776,63,448,"(19.107175399999999, 72.836950200000004)",0,4,1,2018,673
66,31,19.1076927,72.8376896,2018-01-22 04:06:29.000,15,128,"(19.107692700000001, 72.837689600000004)",0,4,1,2018,1089
67,25,19.1075598,72.8371773,2018-01-22 04:48:51.065,1450,1,"(19.107559800000001, 72.837177299999993)",0,4,1,2018,15813
68,28,19.1081108,72.8389885,2018-01-22 09:25:39.608,120,74,"(19.108110799999999, 72.838988499999999)",0,4,1,2018,794
69,24,19.1081014,72.8388129,2018-01-22 09:45:09.163,119,88,"(19.108101399999999, 72.838812899999994)",0,4,1,2018,1206
70,25,19.1072314,72.8369948,2018-01-22 10:09:21.712,120,73,"(19.1072314, 72.836994799999999)",0,4,1,2018,1626
71,27,19.0545161,72.8523787,2018-01-22 11:05:52.320,169,673,"(19.054516100000001, 72.852378700000003)",0,4,1,2018,1257
72,20,19.0545497,72.8515618,2018-01-22 12:21:00.584,489,67,"(19.054549699999999, 72.851561799999999)",0,4,1,2018,500
73,22,19.0545497,72.8515618,2018-01-22 12:35:01.151,173,72,"(19.054549699999999, 72.851561799999999)",0,4,1,2018,5527
74,39,19.0548801,72.8519898,2018-01-22 18:48:50.571,15242,34,"(19.054880099999998, 72.851989799999998)",0,4,1,2018,5219
75,15,19.1069185,72.8368605,2018-01-23 01:32:13.000,135,550,"(19.106918499999999, 72.8368605)",1,4,1,2018,1773
76,23,19.1072102,72.837146,2018-01-23 03:08:15.103,3982,0,"(19.107210200000001, 72.837146000000004)",1,4,1,2018,11639
77,30,19.1072102,72.837146,2018-01-23 07:04:52.235,2528,0,"(19.107210200000001, 72.837146000000004)",1,4,1,2018,4446
78,20,19.0545497,72.8515618,2018-01-23 09:05:36.594,994,907,"(19.054549699999999, 72.851561799999999)",1,4,1,2018,4258
79,20,19.0545497,72.8515618,2018-01-23 10:50:44.888,2034,0,"(19.054549699999999, 72.851561799999999)",1,4,1,2018,1962
80,32,19.0547408,72.8521867,2018-01-23 12:48:39.257,125,278,"(19.054740800000001, 72.852186700000004)",1,4,1,2018,553
81,20,19.0545497,72.8515618,2018-01-23 14:55:19.676,1359,92,"(19.054549699999999, 72.851561799999999)",1,4,1,2018,383
82,20,19.0545497,72.8515618,2018-01-24 02:46:26.879,4904,72,"(19.054549699999999, 72.851561799999999)",2,4,1,2018,2845
83,24,19.1072733,72.8370652,2018-01-24 04:00:32.652,60,181,"(19.107273299999999, 72.837065199999998)",2,4,1,2018,24296
84,20,19.0540649,72.8506553,2018-01-24 11:27:16.570,185,182,"(19.0540649, 72.8506553)",2,4,1,2018,4941
85,20,19.0154584,72.8281809,2018-01-24 14:18:00.535,4395,0,"(19.0154584, 72.828180900000007)",2,4,1,2018,461
86,20,19.0540649,72.8506553,2018-01-24 14:37:51.777,312,171,"(19.0540649, 72.8506553)",2,4,1,2018,1152
87,29,19.0692848,72.867109,2018-01-24 15:15:41.252,115,64,"(19.069284799999998, 72.867108999999999)",2,4,1,2018,7614
88,25,19.0546006,72.8523024,2018-01-24 17:35:48.566,76,186,"(19.054600600000001, 72.852302399999999)",2,4,1,2018,976
89,25,19.0546955,72.8523612,2018-01-25 02:22:44.215,30636,2,"(19.054695500000001, 72.852361200000004)",3,4,1,2018,1685
90,25,19.1072441,72.8369513,2018-01-25 03:57:20.759,59,463,"(19.107244099999999, 72.836951299999996)",3,4,1,2018,24790
91,32,19.0548165,72.8520464,2018-01-25 16:35:27.185,8204,25,"(19.054816500000001, 72.852046400000006)",3,4,1,2018,2213
92,25,19.054728,72.8518858,2018-01-25 21:59:13.157,1462,7,"(19.054728000000001, 72.851885800000005)",3,4,1,2018,931
93,31,19.0548189,72.8518923,2018-01-25 23:09:24.041,1499,1,"(19.054818900000001, 72.851892300000003)",3,4,1,2018,1923
94,25,19.054762,72.8519082,2018-01-26 00:18:40.039,2231,3,"(19.054762, 72.851908199999997)",4,4,1,2018,1872
95,25,19.0547379,72.8522577,2018-01-26 02:58:21.968,7708,38,"(19.054737899999999, 72.852257699999996)",4,4,1,2018,493
96,20,19.0540649,72.8506553,2018-01-26 04:03:16.132,3400,187,"(19.0540649, 72.8506553)",4,4,1,2018,36808
97,23,19.0540649,72.8506553,2018-01-26 14:44:05.257,1543,0,"(19.0540649, 72.8506553)",4,4,1,2018,5377
98,20,19.0540649,72.8506553,2018-01-26 17:33:01.791,486,168,"(19.0540649, 72.8506553)",4,4,1,2018,5820
99,30,19.0540649,72.8506553,2018-01-27 00:42:53.176,19962,0,"(19.0540649, 72.8506553)",5,4,1,2018,1535
100,25,19.106879,72.8368866,2018-01-27 01:24:52.201,30,149,"(19.106878999999999, 72.8368866)",5,4,1,2018,25591
101,35,19.1081302,72.8392386,2018-01-27 08:37:53.377,61,102,"(19.108130200000002, 72.839238600000002)",5,4,1,2018,972
102,40,19.0691952,72.8665987,2018-01-27 09:39:56.448,439,514,"(19.069195199999999, 72.866598699999997)",5,4,1,2018,1788
103,27,19.0689414,72.8670076,2018-01-27 10:12:04.124,132,57,"(19.0689414, 72.867007599999994)",5,4,1,2018,1214
104,26,19.0686997,72.8666797,2018-01-27 10:34:31.912,130,76,"(19.0686997, 72.866679700000006)",5,4,1,2018,2710
105,32,19.0691949,72.866555,2018-01-27 11:22:01.467,128,66,"(19.069194899999999, 72.866555000000005)",5,4,1,2018,2330
106,42,19.0547257,72.8522462,2018-01-27 13:27:43.942,4783,1540,"(19.054725699999999, 72.852246199999996)",5,4,1,2018,724
107,23,19.0561086,72.8476566,2018-01-27 13:44:24.092,121,133,"(19.056108600000002, 72.847656599999993)",5,4,1,2018,561
108,30,19.0549481,72.8517856,2018-01-27 16:36:22.832,1408,42,"(19.054948100000001, 72.851785599999999)",5,4,1,2018,2441
109,31,19.0547827,72.8519041,2018-01-27 17:48:22.374,1875,13,"(19.054782700000001, 72.851904099999999)",5,4,1,2018,2243
110,45,19.0548467,72.8520137,2018-01-27 18:51:11.196,1525,23,"(19.054846699999999, 72.852013700000001)",5,4,1,2018,1609
111,22,19.0547857,72.8522436,2018-01-28 01:41:27.990,23005,20,"(19.0547857, 72.852243599999994)",6,4,1,2018,1423
112,28,19.054723,72.8523109,2018-01-28 02:28:29.909,1395,20,"(19.054722999999999, 72.852310900000006)",6,4,1,2018,5486
113,26,19.0540649,72.8506553,2018-01-28 04:14:45.288,882,183,"(19.0540649, 72.8506553)",6,4,1,2018,1422
114,30,19.0545981,72.8522662,2018-01-28 04:42:33.234,243,180,"(19.0545981, 72.852266200000003)",6,4,1,2018,907
115,33,19.0546847,72.852232,2018-01-28 05:31:21.444,2018,13,"(19.054684699999999, 72.852232000000001)",6,4,1,2018,801
116,20,19.0540649,72.8506553,2018-01-28 07:17:36.707,5571,177,"(19.0540649, 72.8506553)",6,4,1,2018,13038
117,30,19.0540649,72.8506553,2018-01-28 15:22:36.012,3035,177,"(19.0540649, 72.8506553)",6,4,1,2018,12113
118,26,19.0546883,72.8521444,2018-01-29 02:49:22.673,29066,171,"(19.054688299999999, 72.8521444)",0,5,1,2018,1353
119,23,19.1075505,72.8371197,2018-01-29 05:17:16.803,5880,28,"(19.107550499999999, 72.837119700000002)",0,5,1,2018,1555
120,20,19.1071962,72.8371568,2018-01-29 05:59:13.029,959,52,"(19.107196200000001, 72.837156800000002)",0,5,1,2018,17143
121,27,19.1002612,72.8427166,2018-01-29 11:11:38.955,59,58,"(19.100261199999998, 72.842716600000003)",0,5,1,2018,758
122,24,19.0545679,72.8522482,2018-01-29 12:25:30.863,1355,19,"(19.054567899999999, 72.852248200000005)",0,5,1,2018,1288
123,24,19.1072635,72.8369935,2018-01-30 01:33:05.987,64,165,"(19.107263499999998, 72.836993500000005)",1,5,1,2018,578
124,23,19.1072231,72.83716,2018-01-30 02:20:21.242,2256,3,"(19.107223099999999, 72.837159999999997)",1,5,1,2018,21389
125,25,19.1082624,72.838623,2018-01-30 08:23:42.874,120,54,"(19.108262400000001, 72.838622999999998)",1,5,1,2018,310
126,28,19.0714878,72.8375417,2018-01-31 11:02:53.678,95,445,"(19.0714878, 72.837541700000003)",2,5,1,2018,1589
127,24,19.1072804,72.8369194,2018-02-03 01:31:51.847,120,638,"(19.1072804, 72.836919399999999)",5,5,2,2018,24347
128,25,19.0545904,72.8523395,2018-02-03 08:49:04.754,243,597,"(19.054590399999999, 72.852339499999999)",5,5,2,2018,716
129,28,19.0547775,72.8521191,2018-02-03 09:50:16.046,2952,16,"(19.0547775, 72.852119099999996)",5,5,2,2018,5409
130,24,19.0546821,72.8523043,2018-02-03 12:14:05.711,2464,8,"(19.054682100000001, 72.8523043)",5,5,2,2018,1323
131,20,19.055173,72.8521146,2018-02-03 13:19:00.997,711,57,"(19.055173, 72.852114599999993)",5,5,2,2018,6166
132,20,19.055173,72.8521146,2018-02-03 17:17:55.300,2161,85,"(19.055173, 72.852114599999993)",5,5,2,2018,4332
133,20,19.055173,72.8521146,2018-02-04 03:08:23.067,31088,0,"(19.055173, 72.852114599999993)",6,5,2,2018,13508
134,34,19.0546122,72.8520601,2018-02-04 06:56:02.574,120,62,"(19.054612200000001, 72.852060100000003)",6,5,2,2018,1054
135,20,19.055173,72.8521146,2018-02-04 07:24:19.837,642,72,"(19.055173, 72.852114599999993)",6,5,2,2018,1705
136,25,19.054553,72.8523468,2018-02-04 07:54:50.564,122,73,"(19.054552999999999, 72.852346800000007)",6,5,2,2018,1065
137,22,19.055173,72.8521146,2018-02-04 09:26:37.465,4437,0,"(19.055173, 72.852114599999993)",6,5,2,2018,5727
138,50,19.0551525,72.8521239,2018-02-04 11:25:19.020,1381,2,"(19.055152499999998, 72.852123899999995)",6,5,2,2018,3404
139,26,19.0546728,72.8521182,2018-02-04 12:30:25.227,492,55,"(19.054672799999999, 72.852118200000007)",6,5,2,2018,721
140,50,19.054567,72.851993,2018-02-05 02:58:52.215,34124,9,"(19.054566999999999, 72.851992999999993)",0,6,2,2018,2165
141,24,19.1070654,72.8368143,2018-02-05 03:59:52.887,251,941,"(19.1070654, 72.8368143)",0,6,2,2018,1872
142,23,19.1076098,72.837112,2018-02-05 05:34:04.730,2264,5,"(19.107609799999999, 72.837112000000005)",0,6,2,2018,19036
143,24,19.0549088,72.8520995,2018-02-05 11:35:02.813,71,62,"(19.0549088, 72.852099499999994)",0,6,2,2018,364
144,29,19.0547363,72.8518764,2018-02-05 12:21:32.058,2424,45,"(19.054736299999998, 72.851876399999995)",0,6,2,2018,479
145,27,19.0544489,72.8525199,2018-02-05 12:31:46.618,133,65,"(19.054448900000001, 72.852519900000004)",0,6,2,2018,1956
146,20,19.055173,72.8521146,2018-02-05 13:33:49.256,1760,91,"(19.055173, 72.852114599999993)",0,6,2,2018,30615
147,25,19.0548211,72.8522376,2018-02-06 00:37:10.797,9129,41,"(19.054821100000002, 72.852237599999995)",1,6,2,2018,2173
148,20,19.1072528,72.8370926,2018-02-06 01:34:38.666,60,64,"(19.107252800000001, 72.837092600000005)",1,6,2,2018,24164
149,20,19.055173,72.8521146,2018-02-06 09:36:51.616,2407,56,"(19.055173, 72.852114599999993)",1,6,2,2018,9042
150,24,19.0567055,72.8474489,2018-02-06 12:23:17.872,123,61,"(19.0567055, 72.847448900000003)",1,6,2,2018,595
151,27,19.0544456,72.8524844,2018-02-06 12:55:08.011,234,208,"(19.054445600000001, 72.852484399999994)",1,6,2,2018,317
152,50,19.0551005,72.852138,2018-02-06 14:07:55.447,254,85,"(19.055100500000002, 72.852137999999997)",1,6,2,2018,2684
153,20,19.055173,72.8521146,2018-02-06 15:23:32.806,1849,3,"(19.055173, 72.852114599999993)",1,6,2,2018,10765
154,27,19.1071246,72.8369919,2018-02-07 03:59:14.843,60,371,"(19.107124599999999, 72.836991900000001)",2,6,2,2018,23722
155,20,19.055187,72.8521474,2018-02-12 11:26:50.860,3078,5972,"(19.055187, 72.852147400000007)",0,7,2,2018,5515
156,24,19.0547201,72.8519881,2018-02-12 13:07:01.273,59,56,"(19.054720100000001, 72.8519881)",0,7,2,2018,1164
157,50,19.0551251,72.852165,2018-02-12 13:30:38.130,247,74,"(19.055125100000001, 72.852164999999999)",0,7,2,2018,745
158,45,19.055187,72.8521474,2018-02-12 14:03:39.384,1234,0,"(19.055187, 72.852147400000007)",0,7,2,2018,856
159,21,19.055187,72.8521474,2018-02-12 14:27:01.300,395,5484,"(19.055187, 72.852147400000007)",0,7,2,2018,536
160,20,19.055187,72.8521474,2018-02-12 15:08:33.147,1954,0,"(19.055187, 72.852147400000007)",0,7,2,2018,33119
161,39,19.0128147,72.8251578,2018-02-14 11:30:08.664,439,5343,"(19.0128147, 72.825157799999999)",2,7,2,2018,362
162,48,19.0128147,72.8251578,2018-02-14 11:50:23.879,488,5433,"(19.0128147, 72.825157799999999)",2,7,2,2018,608
163,48,19.055187,72.8521474,2018-02-14 12:06:45.744,372,5484,"(19.055187, 72.852147400000007)",2,7,2,2018,361
164,25,19.0547026,72.8522861,2018-02-14 13:31:33.853,3351,3,"(19.054702599999999, 72.852286100000001)",2,7,2,2018,615
165,42,19.055187,72.8521474,2018-02-14 14:20:38.458,122,55,"(19.055187, 72.852147400000007)",2,7,2,2018,3190
166,20,19.055187,72.8521474,2018-02-14 15:45:12.708,1876,0,"(19.055187, 72.852147400000007)",2,7,2,2018,12851
167,20,19.055187,72.8521474,2018-02-15 02:32:31.720,25966,44,"(19.055187, 72.852147400000007)",3,7,2,2018,6931
168,24,19.1070239,72.8368943,2018-02-15 04:58:12.602,120,493,"(19.107023900000002, 72.836894299999997)",3,7,2,2018,17616
169,24,19.1071789,72.8371494,2018-02-15 10:55:33.848,3779,24,"(19.107178900000001, 72.837149400000001)",3,7,2,2018,4022
170,24,19.0545516,72.8524533,2018-02-15 12:49:02.041,125,641,"(19.0545516, 72.852453299999993)",3,7,2,2018,354
171,19,19.055187,72.8521474,2018-02-15 14:44:20.315,6562,62,"(19.055187, 72.852147400000007)",3,7,2,2018,3282
172,16,19.055187,72.8521474,2018-02-15 16:29:23.536,3013,0,"(19.055187, 72.852147400000007)",3,7,2,2018,12895
173,16,19.055187,72.8521474,2018-02-16 03:07:13.888,398,57,"(19.055187, 72.852147400000007)",4,7,2,2018,4716
174,38,19.107279,72.8368229,2018-02-16 05:06:08.611,60,405,"(19.107278999999998, 72.836822900000001)",4,7,2,2018,18959
175,29,19.1071667,72.8370537,2018-02-16 10:26:49.297,118,60,"(19.107166700000001, 72.837053699999998)",4,7,2,2018,5460
176,41,19.0545591,72.8522262,2018-02-16 12:38:55.790,108,440,"(19.054559099999999, 72.852226200000004)",4,7,2,2018,481
177,17,19.055187,72.8521474,2018-02-16 13:54:02.370,4025,52,"(19.055187, 72.852147400000007)",4,7,2,2018,1446
178,37,19.055187,72.8521474,2018-02-16 14:22:16.231,123,5484,"(19.055187, 72.852147400000007)",4,7,2,2018,3170
179,31,19.0548168,72.8521611,2018-02-16 16:01:25.737,2769,41,"(19.054816800000001, 72.852161100000004)",4,7,2,2018,9514
180,30,19.1072414,72.836974,2018-02-17 01:33:16.870,31,165,"(19.107241399999999, 72.836973999999998)",5,7,2,2018,24094
181,50,19.1083246,72.8377959,2018-02-17 08:19:54.854,114,113,"(19.1083246, 72.837795900000003)",5,7,2,2018,527
182,26,19.0551763,72.8521513,2018-02-17 09:01:15.626,111,64,"(19.055176299999999, 72.852151300000003)",5,7,2,2018,419
183,28,19.0821059,72.9961511,2018-02-17 11:39:09.375,2379,131,"(19.082105899999998, 72.996151100000006)",5,7,2,2018,2875
184,16,19.055187,72.8521474,2018-02-17 13:38:26.042,1342,101,"(19.055187, 72.852147400000007)",5,7,2,2018,3462
185,19,19.055187,72.8521474,2018-02-17 15:03:00.430,1599,0,"(19.055187, 72.852147400000007)",5,7,2,2018,13734
186,16,19.055187,72.8521474,2018-02-18 02:49:14.298,28609,0,"(19.055187, 72.852147400000007)",6,7,2,2018,525
187,37,19.055187,72.8521474,2018-02-18 03:18:49.397,1248,8,"(19.055187, 72.852147400000007)",6,7,2,2018,26323
188,16,19.055187,72.8521474,2018-02-18 11:39:25.133,3636,0,"(19.055187, 72.852147400000007)",6,7,2,2018,12164
189,35,19.055187,72.8521474,2018-02-18 15:06:37.280,120,5484,"(19.055187, 72.852147400000007)",6,7,2,2018,6701
190,28,19.055187,72.8521474,2018-02-18 17:06:51.856,121,5484,"(19.055187, 72.852147400000007)",6,7,2,2018,3525
191,16,19.055187,72.8521474,2018-02-18 18:27:16.898,1289,0,"(19.055187, 72.852147400000007)",6,7,2,2018,546
192,28,19.0545927,72.8523174,2018-02-18 18:42:31.126,365,68,"(19.054592700000001, 72.852317400000004)",6,7,2,2018,467
193,44,19.0550277,72.8520922,2018-02-19 05:20:36.967,297,123,"(19.0550277, 72.852092200000001)",0,8,2,2018,9993
194,42,19.0554551,72.8510101,2018-02-19 08:58:21.421,3046,123,"(19.0554551, 72.851010099999996)",0,8,2,2018,1875
195,16,19.0550277,72.8520922,2018-02-19 10:10:31.580,628,123,"(19.0550277, 72.852092200000001)",0,8,2,2018,20969
196,16,19.0550277,72.8520922,2018-02-19 16:07:03.667,244,63,"(19.0550277, 72.852092200000001)",0,8,2,2018,926
197,39,19.0546453,72.8523154,2018-02-20 01:52:13.667,30252,157,"(19.054645300000001, 72.852315399999995)",1,8,2,2018,2886
198,34,19.0636576,72.8625183,2018-02-20 04:29:03.215,129,100,"(19.063657599999999, 72.862518300000005)",1,8,2,2018,2326
199,44,19.0551394,72.8517403,2018-02-20 05:41:13.292,1003,84,"(19.055139400000002, 72.851740300000003)",1,8,2,2018,12748
200,28,19.0546631,72.8519752,2018-02-20 09:54:05.789,2393,42,"(19.054663099999999, 72.851975199999998)",1,8,2,2018,18432
201,28,19.0546411,72.8522936,2018-02-20 15:22:42.092,1223,48,"(19.054641100000001, 72.852293599999996)",1,8,2,2018,4261
202,16,19.0550277,72.8520922,2018-02-20 16:56:34.667,1363,49,"(19.0550277, 72.852092200000001)",1,8,2,2018,2476
203,47,19.0546453,72.8523154,2018-02-21 00:56:50.090,26330,48,"(19.054645300000001, 72.852315399999995)",2,8,2,2018,803
204,31,19.0543583,72.8519651,2018-02-21 01:15:02.414,288,58,"(19.054358300000001, 72.851965100000001)",2,8,2,2018,4602
205,26,19.0653171,72.858901,2018-02-21 02:42:01.773,120,55,"(19.065317100000001, 72.858901000000003)",2,8,2,2018,364
206,29,19.0656396,72.8614437,2018-02-21 04:15:58.614,119,103,"(19.065639600000001, 72.861443699999995)",2,8,2,2018,1091
207,39,19.0654095,72.8590019,2018-02-21 05:57:20.538,145,69,"(19.065409500000001, 72.859001899999996)",2,8,2,2018,357
208,16,19.0550277,72.8520922,2018-02-21 06:48:14.201,1190,63,"(19.0550277, 72.852092200000001)",2,8,2,2018,21009
209,30,19.0545939,72.8522994,2018-02-21 15:09:45.730,2627,166,"(19.0545939, 72.852299400000007)",2,8,2,2018,4217
210,31,19.0127202,72.8255501,2018-02-21 16:23:46.706,216,5453,"(19.0127202, 72.825550100000001)",2,8,2,2018,310
211,28,19.0550277,72.8520922,2018-02-21 16:34:29.011,332,5453,"(19.0550277, 72.852092200000001)",2,8,2,2018,1504
212,37,19.0550277,72.8520922,2018-02-21 17:43:45.039,1874,0,"(19.0550277, 72.852092200000001)",2,8,2,2018,2961
213,44,19.0127202,72.8255501,2018-02-21 18:39:09.062,359,5453,"(19.0127202, 72.825550100000001)",2,8,2,2018,1542
214,42,19.0554551,72.8510101,2018-02-21 20:01:26.599,1655,5437,"(19.0554551, 72.851010099999996)",2,8,2,2018,4713
215,39,19.0554551,72.8510101,2018-02-22 01:52:44.324,16357,0,"(19.0554551, 72.851010099999996)",3,8,2,2018,2438
216,37,19.0554551,72.8510101,2018-02-22 02:45:26.155,360,123,"(19.0554551, 72.851010099999996)",3,8,2,2018,365
217,31,19.1071193,72.8369326,2018-02-22 04:17:41.508,60,282,"(19.107119300000001, 72.836932599999997)",3,8,2,2018,27633
218,28,19.0544937,72.8522405,2018-02-22 12:34:35.078,121,590,"(19.054493699999998, 72.852240499999994)",3,8,2,2018,1786
219,44,19.0546453,72.8523154,2018-02-22 13:26:05.470,1301,0,"(19.054645300000001, 72.852315399999995)",3,8,2,2018,9880
220,39,19.0127202,72.8255501,2018-02-22 16:19:14.802,480,5453,"(19.0127202, 72.825550100000001)",3,8,2,2018,2475
221,47,19.0554551,72.8510101,2018-02-22 18:00:42.064,3609,5437,"(19.0554551, 72.851010099999996)",3,8,2,2018,22077
222,47,19.0554551,72.8510101,2018-02-23 01:25:17.264,1442,0,"(19.0554551, 72.851010099999996)",4,8,2,2018,2559
223,30,19.0546881,72.8521237,2018-02-23 02:16:59.204,538,145,"(19.0546881, 72.852123700000007)",4,8,2,2018,1033
224,26,19.1073471,72.837225,2018-02-23 03:22:06.187,121,314,"(19.107347099999998, 72.837225000000004)",4,8,2,2018,17822
225,29,19.1072355,72.8371615,2018-02-23 08:59:35.021,2382,8,"(19.107235500000002, 72.837161499999993)",4,8,2,2018,6531
226,23,19.1072372,72.837146,2018-02-23 11:24:08.273,2132,8,"(19.1072372, 72.837146000000004)",4,8,2,2018,4122
227,33,19.0993727,72.8739897,2018-02-23 13:19:53.528,301,58,"(19.0993727, 72.873989699999996)",4,8,2,2018,505
228,28,19.0546762,72.8523133,2018-02-23 14:20:44.132,124,5432,"(19.054676199999999, 72.852313300000006)",4,8,2,2018,2219
229,29,19.0550277,72.8520922,2018-02-23 15:02:00.395,121,5453,"(19.0550277, 72.852092200000001)",4,8,2,2018,3185
230,16,19.0550277,72.8520922,2018-02-23 16:00:59.601,101,5453,"(19.0550277, 72.852092200000001)",4,8,2,2018,2997
231,30,19.1072563,72.8369698,2018-02-25 03:56:40.727,57,291,"(19.1072563, 72.836969800000006)",6,8,2,2018,11566
232,50,19.0549626,72.8521019,2018-02-25 07:38:41.887,250,56,"(19.0549626, 72.852101899999994)",6,8,2,2018,2625
233,42,19.0127202,72.8255501,2018-02-25 08:53:50.384,1518,5420,"(19.0127202, 72.825550100000001)",6,8,2,2018,834
234,16,19.0550277,72.8520922,2018-02-25 11:26:53.320,4419,53,"(19.0550277, 72.852092200000001)",6,8,2,2018,2037
235,37,19.0554551,72.8510101,2018-02-25 12:22:28.277,1290,123,"(19.0554551, 72.851010099999996)",6,8,2,2018,4713
236,30,19.0546336,72.8522871,2018-02-25 13:53:04.107,712,162,"(19.054633599999999, 72.852287099999998)",6,8,2,2018,376
237,39,19.0127202,72.8255501,2018-02-25 14:02:06.148,164,5429,"(19.0127202, 72.825550100000001)",6,8,2,2018,495
238,30,19.0546356,72.8523135,2018-02-25 14:16:33.393,371,5428,"(19.054635600000001, 72.852313499999994)",6,8,2,2018,1920
239,27,19.0546482,72.8521599,2018-02-25 15:20:59.305,374,5421,"(19.054648199999999, 72.852159900000004)",6,8,2,2018,1008
240,26,19.0550277,72.8520922,2018-02-25 16:18:17.186,2309,5453,"(19.0550277, 72.852092200000001)",6,8,2,2018,376
241,47,19.0554551,72.8510101,2018-02-25 16:52:01.129,526,5437,"(19.0554551, 72.851010099999996)",6,8,2,2018,1219
242,31,19.0546275,72.8521949,2018-02-26 01:38:55.978,30394,155,"(19.054627499999999, 72.852194900000001)",0,9,2,2018,700
243,42,19.0554551,72.8510101,2018-02-26 03:15:07.708,5070,159,"(19.0554551, 72.851010099999996)",0,9,2,2018,315
244,31,19.0546387,72.8523165,2018-02-26 03:22:24.443,121,165,"(19.054638700000002, 72.852316500000001)",0,9,2,2018,1643
245,34,19.0547139,72.8524228,2018-02-26 05:13:28.472,2308,17,"(19.054713899999999, 72.852422799999999)",0,9,2,2018,2850
246,28,18.9294051,72.8312378,2018-02-26 07:01:28.946,64,55,"(18.9294051, 72.831237799999997)",0,9,2,2018,4761
247,30,18.9288784,72.8313669,2018-02-26 08:23:06.370,119,80,"(18.928878399999999, 72.831366900000006)",0,9,2,2018,302
248,27,19.0544864,72.8522743,2018-02-26 09:28:21.873,60,103,"(19.054486399999998, 72.852274300000005)",0,9,2,2018,13797
249,28,19.0617094,72.8494514,2018-02-26 16:03:56.495,186,210,"(19.061709400000002, 72.849451400000007)",0,9,2,2018,365
250,27,19.0588271,72.8481002,2018-02-26 16:24:25.839,862,321,"(19.058827099999998, 72.848100200000005)",0,9,2,2018,606
251,29,19.0550277,72.8520922,2018-02-26 17:44:45.735,489,5453,"(19.0550277, 72.852092200000001)",0,9,2,2018,757
252,43,19.0545691,72.8520579,2018-02-26 20:57:59.064,10833,51,"(19.054569099999998, 72.852057900000005)",0,9,2,2018,2228
253,37,19.0546165,72.8519666,2018-02-26 22:08:07.128,1978,8,"(19.054616500000002, 72.851966599999997)",0,9,2,2018,1140
254,30,19.0543388,72.8519848,2018-02-27 01:14:21.148,8228,34,"(19.0543388, 72.851984799999997)",1,9,2,2018,1191
255,27,19.0543679,72.8519674,2018-02-27 01:57:22.077,1387,9,"(19.054367899999999, 72.851967400000007)",1,9,2,2018,630
256,28,19.107239,72.8369753,2018-02-27 03:22:48.649,60,143,"(19.107239, 72.836975300000006)",1,9,2,2018,24203
257,30,19.0545812,72.8521855,2018-02-27 10:52:22.255,2687,6034,"(19.054581200000001, 72.852185500000004)",1,9,2,2018,6435
258,28,19.0590847,72.8477091,2018-02-27 13:21:51.994,297,233,"(19.0590847, 72.847709100000003)",1,9,2,2018,494
259,46,19.0550695,72.8517388,2018-02-27 13:37:57.841,470,601,"(19.055069499999998, 72.851738800000007)",1,9,2,2018,898
260,28,19.0545944,72.8523182,2018-02-27 14:25:11.158,1932,22,"(19.054594399999999, 72.852318199999999)",1,9,2,2018,2704
261,34,19.0543685,72.8520875,2018-02-27 15:46:03.552,2145,37,"(19.054368499999999, 72.852087499999996)",1,9,2,2018,1088
262,16,19.0550277,72.8520922,2018-02-27 16:27:41.206,1408,43,"(19.0550277, 72.852092200000001)",1,9,2,2018,5880
263,10,19.0853828,72.8455424,2018-02-28 05:58:19.000,31,130,"(19.085382800000001, 72.845542399999999)",2,9,2,2018,399
264,23,19.1072078,72.8372267,2018-02-28 06:24:08.613,395,385,"(19.107207800000001, 72.837226700000002)",2,9,2,2018,4313
265,50,19.1072018,72.8371479,2018-02-28 08:19:03.220,2574,8,"(19.107201799999999, 72.837147900000005)",2,9,2,2018,486
266,29,19.1072063,72.8370809,2018-02-28 08:49:26.552,1211,53,"(19.107206300000001, 72.837080900000004)",2,9,2,2018,2430
267,17,19.1072078,72.8372267,2018-02-28 10:17:21.221,2841,0,"(19.107207800000001, 72.837226700000002)",2,9,2,2018,1197
268,27,19.0544834,72.8522732,2018-02-28 11:54:06.937,120,172,"(19.054483399999999, 72.852273199999999)",2,9,2,2018,9445
269,30,19.0546932,72.8523197,2018-03-01 01:15:12.487,38591,35,"(19.054693199999999, 72.852319699999995)",3,9,3,2018,492
270,32,19.0544672,72.8520023,2018-03-01 02:00:10.293,2205,4,"(19.054467200000001, 72.852002299999995)",3,9,3,2018,363
271,47,19.1072372,72.837146,2018-03-01 03:18:54.535,624,3159,"(19.1072372, 72.837146000000004)",3,9,3,2018,10373
272,23,19.1071976,72.8371871,2018-03-01 07:29:44.974,4654,3,"(19.107197599999999, 72.837187099999994)",3,9,3,2018,8612
273,42,19.0550277,72.8520922,2018-03-01 10:36:00.713,252,58,"(19.0550277, 72.852092200000001)",3,9,3,2018,15417
274,29,19.0607114,72.8498224,2018-03-01 15:01:34.088,243,762,"(19.060711399999999, 72.849822399999994)",3,9,3,2018,492
275,28,19.0545864,72.853616,2018-03-01 15:37:47.265,974,163,"(19.054586400000002, 72.853616000000002)",3,9,3,2018,1299
276,34,19.0546158,72.8521162,2018-03-01 16:01:39.099,128,138,"(19.054615800000001, 72.852116199999998)",3,9,3,2018,2186
277,33,19.0127202,72.8255501,2018-03-01 21:27:27.511,17357,5418,"(19.0127202, 72.825550100000001)",3,9,3,2018,740
278,29,19.0544923,72.8522906,2018-03-02 04:03:30.770,23022,5413,"(19.0544923, 72.852290600000003)",4,9,3,2018,860
279,29,19.0546162,72.8521315,2018-03-02 04:38:18.817,1224,15,"(19.054616200000002, 72.852131499999999)",4,9,3,2018,1904
280,29,19.0546919,72.8520918,2018-03-02 06:35:31.882,5128,18,"(19.054691900000002, 72.852091799999997)",4,9,3,2018,39056
281,30,19.0546742,72.8523423,2018-03-03 00:42:53.479,26083,55,"(19.054674200000001, 72.852342300000004)",5,9,3,2018,1876
282,29,19.1072034,72.8368179,2018-03-03 01:31:39.956,70,361,"(19.1072034, 72.8368179)",5,9,3,2018,15357
283,27,19.1100579,72.8375442,2018-03-03 05:54:31.888,258,204,"(19.110057900000001, 72.837544199999996)",5,9,3,2018,2205
284,28,19.1072111,72.8372285,2018-03-03 06:39:36.302,253,64,"(19.107211100000001, 72.837228499999995)",5,9,3,2018,5829
285,27,19.0546592,72.8522832,2018-03-03 08:44:22.341,122,98,"(19.0546592, 72.852283200000002)",5,9,3,2018,11754
286,16,19.0546966,72.8520955,2018-03-03 12:29:20.256,1707,0,"(19.0546966, 72.852095500000004)",5,9,3,2018,311
287,16,19.0546966,72.8520955,2018-03-03 12:55:41.330,1269,0,"(19.0546966, 72.852095500000004)",5,9,3,2018,9021
288,31,19.0545714,72.8522532,2018-03-03 17:02:02.808,256,5517,"(19.0545714, 72.852253200000007)",5,9,3,2018,1370
289,16,19.0546966,72.8520955,2018-03-03 17:48:11.973,1397,22,"(19.0546966, 72.852095500000004)",5,9,3,2018,3410
290,29,19.0548015,72.8521035,2018-03-04 03:08:14.678,30182,12,"(19.0548015, 72.852103499999998)",6,9,3,2018,8205
291,29,19.054703,72.8520948,2018-03-04 05:49:28.076,1445,28,"(19.054703, 72.852094800000003)",6,9,3,2018,3324
292,28,19.0546122,72.8522863,2018-03-04 07:17:01.647,1918,21,"(19.054612200000001, 72.852286300000003)",6,9,3,2018,32027
293,47,19.0549086,72.8521153,2018-03-05 01:09:37.747,32242,0,"(19.054908600000001, 72.852115299999994)",0,10,3,2018,8166
294,34,19.1071607,72.8368955,2018-03-05 03:48:47.607,60,350,"(19.107160700000001, 72.836895499999997)",0,10,3,2018,24625
295,29,19.0544771,72.852291,2018-03-05 11:30:37.335,59,219,"(19.0544771, 72.852290999999994)",0,10,3,2018,21161
296,29,19.0548731,72.8521367,2018-03-05 17:54:11.814,1788,2,"(19.054873099999998, 72.852136700000003)",0,10,3,2018,1480
297,30,19.0547324,72.8521036,2018-03-06 00:26:20.705,22047,18,"(19.054732399999999, 72.852103600000007)",1,10,3,2018,627
298,50,19.1072386,72.8371189,2018-03-06 01:32:23.183,76,368,"(19.107238599999999, 72.837118899999993)",1,10,3,2018,1409
299,27,19.1072094,72.8371501,2018-03-06 02:53:21.536,1232,2,"(19.107209399999999, 72.837150100000002)",1,10,3,2018,7130
300,47,19.1071973,72.8373335,2018-03-06 05:29:39.736,2238,12,"(19.107197299999999, 72.8373335)",1,10,3,2018,11297
301,29,19.0546239,72.8521239,2018-03-06 09:45:11.320,1901,9,"(19.054623899999999, 72.852123899999995)",1,10,3,2018,361
302,29,19.0546017,72.8521037,2018-03-06 10:35:44.523,1463,19,"(19.054601699999999, 72.852103700000001)",1,10,3,2018,1090
303,27,19.0544889,72.8522985,2018-03-06 14:12:59.886,119,72,"(19.054488899999999, 72.852298500000003)",1,10,3,2018,11128
304,47,19.0549101,72.8521023,2018-03-06 17:54:44.298,2144,15,"(19.054910100000001, 72.852102299999999)",1,10,3,2018,549
305,16,19.0547757,72.8520973,2018-03-07 02:31:26.794,2566,30,"(19.0547757, 72.852097299999997)",2,10,3,2018,3985
306,29,19.1070417,72.8369528,2018-03-07 04:04:31.288,59,364,"(19.1070417, 72.836952800000006)",2,10,3,2018,7365
307,28,19.1075372,72.8373235,2018-03-07 06:52:38.474,2705,38,"(19.107537199999999, 72.837323499999997)",2,10,3,2018,14859
308,26,19.0544738,72.8522955,2018-03-07 11:42:02.719,62,94,"(19.0544738, 72.852295499999997)",2,10,3,2018,1832
309,28,19.0545848,72.8522219,2018-03-07 12:26:37.892,376,5516,"(19.054584800000001, 72.852221900000004)",2,10,3,2018,611
310,29,19.0547697,72.852101,2018-03-07 12:46:44.025,214,5527,"(19.054769700000001, 72.852101000000005)",2,10,3,2018,6149
311,42,19.0549101,72.8521023,2018-03-07 14:54:24.286,1491,0,"(19.054910100000001, 72.852102299999999)",2,10,3,2018,8349
312,28,19.0545931,72.8522964,2018-03-08 01:28:04.164,29660,6,"(19.054593100000002, 72.8522964)",3,10,3,2018,2234
313,36,19.0546707,72.85209,2018-03-08 02:33:42.181,1701,31,"(19.054670699999999, 72.852090000000004)",3,10,3,2018,2537
314,16,19.0547757,72.8520973,2018-03-08 03:55:17.335,2354,35,"(19.0547757, 72.852097299999997)",3,10,3,2018,2537
315,26,19.1072138,72.8373425,2018-03-08 05:52:24.406,2502,1540,"(19.1072138, 72.837342500000005)",3,10,3,2018,4982
316,17,19.1072078,72.8372235,2018-03-08 08:05:38.993,2995,11,"(19.107207800000001, 72.837223499999993)",3,10,3,2018,6269
317,28,19.1072078,72.8372235,2018-03-08 10:21:27.511,1866,0,"(19.107207800000001, 72.837223499999993)",3,10,3,2018,6113
318,30,19.0544836,72.8522879,2018-03-08 12:45:23.494,64,99,"(19.054483600000001, 72.852287899999993)",3,10,3,2018,618
319,27,19.0545621,72.8523237,2018-03-08 14:15:43.158,493,93,"(19.054562099999998, 72.852323699999999)",3,10,3,2018,5816
320,28,19.0547528,72.8521,2018-03-09 02:15:11.868,1989,27,"(19.054752799999999, 72.852099999999993)",4,10,3,2018,5314
321,50,19.1074129,72.836834,2018-03-09 04:14:11.351,127,545,"(19.1074129, 72.836833999999996)",4,10,3,2018,21929
322,16,19.1072078,72.8372235,2018-03-09 10:28:23.915,129,74,"(19.107207800000001, 72.837223499999993)",4,10,3,2018,5689
323,27,19.0544738,72.8522968,2018-03-09 12:45:33.283,60,136,"(19.0544738, 72.852296800000005)",4,10,3,2018,1222
324,30,19.0547998,72.852201,2018-03-09 13:37:45.365,1907,20,"(19.054799800000001, 72.852200999999994)",4,10,3,2018,8735
325,16,19.0547757,72.8520973,2018-03-09 16:28:16.984,1474,0,"(19.0547757, 72.852097299999997)",4,10,3,2018,327
326,30,19.0546671,72.8520705,2018-03-09 17:54:51.861,4866,12,"(19.0546671, 72.852070499999996)",4,10,3,2018,1033
327,27,19.1071841,72.8368923,2018-03-10 01:29:32.274,59,288,"(19.107184100000001, 72.836892300000002)",5,10,3,2018,26784
328,16,19.0547757,72.8520973,2018-03-10 12:16:17.320,10015,30,"(19.0547757, 72.852097299999997)",5,10,3,2018,478
329,35,19.0473086,73.070702,2018-03-10 13:55:26.833,180,222,"(19.047308600000001, 73.070701999999997)",5,10,3,2018,614
330,30,19.0484874,73.0791585,2018-03-10 14:11:54.733,63,118,"(19.048487399999999, 73.079158500000005)",5,10,3,2018,360
331,16,19.0486613,73.0797138,2018-03-10 15:03:55.994,2262,0,"(19.048661299999999, 73.079713799999993)",5,10,3,2018,655
332,29,19.0392391,73.0635837,2018-03-10 15:23:53.796,479,1851,"(19.0392391, 73.063583699999995)",5,10,3,2018,5593
333,26,19.0453489,73.0825033,2018-03-10 17:14:02.688,231,104,"(19.0453489, 73.082503299999999)",5,10,3,2018,17693
334,50,19.0452312,73.0824187,2018-03-11 03:40:21.505,19853,12,"(19.0452312, 73.082418700000005)",6,10,3,2018,31118
335,28,19.0456347,73.0831814,2018-03-11 12:25:11.659,308,79,"(19.045634700000001, 73.083181400000001)",6,10,3,2018,1345
336,28,19.2079752,73.0932664,2018-03-11 13:53:05.409,121,219,"(19.2079752, 73.093266400000005)",6,10,3,2018,4607
337,27,19.0547882,72.8520881,2018-03-11 17:55:56.794,4805,28,"(19.054788200000001, 72.852088100000003)",6,10,3,2018,23791
338,27,19.054639,72.8523024,2018-03-12 01:55:41.123,1292,10,"(19.054639000000002, 72.852302399999999)",0,11,3,2018,2160
339,40,19.1071089,72.8369439,2018-03-12 02:53:09.225,29,101,"(19.1071089, 72.836943899999994)",0,11,3,2018,13569
340,47,19.1073774,72.8371734,2018-03-12 06:42:00.215,117,61,"(19.107377400000001, 72.837173399999998)",0,11,3,2018,8818
341,16,19.1069267,72.8368989,2018-03-12 09:15:28.198,370,53,"(19.106926699999999, 72.836898899999994)",0,11,3,2018,935
342,39,19.0549959,72.8518207,2018-03-12 11:54:57.350,3420,45,"(19.054995900000002, 72.851820700000005)",0,11,3,2018,1179
343,32,19.0548456,72.852095,2018-03-12 13:25:43.511,1354,35,"(19.0548456, 72.852095000000006)",0,11,3,2018,1236
344,16,19.0549006,72.8519437,2018-03-12 15:56:44.640,6615,49,"(19.0549006, 72.851943700000007)",0,11,3,2018,12649
345,50,19.0549561,72.8519376,2018-03-12 21:24:52.379,4079,13,"(19.054956099999998, 72.851937599999999)",0,11,3,2018,7414
346,30,19.0546385,72.8522938,2018-03-13 00:52:44.367,5052,64,"(19.054638499999999, 72.852293799999998)",1,11,3,2018,1579
347,28,19.1072185,72.8369019,2018-03-13 01:37:19.522,29,295,"(19.107218499999998, 72.836901900000001)",1,11,3,2018,2977
348,50,19.1071884,72.8368927,2018-03-13 03:02:34.418,1770,24,"(19.107188399999998, 72.836892700000007)",1,11,3,2018,22768
349,27,19.0547472,72.8521919,2018-03-13 09:46:56.990,122,72,"(19.054747200000001, 72.852191899999994)",1,11,3,2018,6864
350,28,19.0548994,72.8519801,2018-03-13 12:05:33.735,1431,55,"(19.0548994, 72.851980100000006)",1,11,3,2018,1396
351,28,19.0544813,72.8522915,2018-03-13 12:47:44.557,80,75,"(19.054481299999999, 72.852291500000007)",1,11,3,2018,4244
352,30,19.054696,72.8524359,2018-03-13 14:20:59.494,1331,23,"(19.054696, 72.852435900000003)",1,11,3,2018,2278
353,28,19.0545796,72.8522862,2018-03-13 15:24:58.767,1554,19,"(19.0545796, 72.852286199999995)",1,11,3,2018,2153
354,37,19.0547394,72.8524712,2018-03-13 16:05:09.524,120,71,"(19.054739399999999, 72.852471199999997)",1,11,3,2018,1850
355,39,19.0547394,72.8524712,2018-03-13 16:44:51.437,119,58,"(19.054739399999999, 72.852471199999997)",1,11,3,2018,495
356,29,19.0549493,72.851964,2018-03-13 17:39:04.495,2756,58,"(19.054949300000001, 72.851963999999995)",1,11,3,2018,439
357,29,19.0548142,72.8522311,2018-03-13 19:28:39.323,1536,0,"(19.054814199999999, 72.852231099999997)",1,11,3,2018,3379
358,30,19.0545469,72.8521945,2018-03-14 01:32:38.798,18457,36,"(19.054546899999998, 72.852194499999996)",2,11,3,2018,3305
359,29,19.0545423,72.8521966,2018-03-14 03:14:20.764,2794,28,"(19.054542300000001, 72.852196599999999)",2,11,3,2018,906
360,28,19.1072424,72.8368959,2018-03-14 03:58:01.809,63,332,"(19.107242400000001, 72.836895900000002)",2,11,3,2018,24391
361,26,19.0544604,72.8522819,2018-03-14 11:17:53.698,38,80,"(19.0544604, 72.852281899999994)",2,11,3,2018,3153
362,29,19.0547129,72.8522575,2018-03-14 12:37:15.967,1599,12,"(19.054712899999998, 72.852257499999993)",2,11,3,2018,953
363,29,19.0549006,72.8519437,2018-03-14 16:51:18.455,4749,12,"(19.0549006, 72.851943700000007)",2,11,3,2018,5076
364,31,19.0549757,72.8518342,2018-03-14 20:09:23.696,1882,2,"(19.0549757, 72.851834199999999)",2,11,3,2018,2169
365,31,19.0549819,72.8518616,2018-03-14 21:40:46.360,1505,4,"(19.054981900000001, 72.851861600000007)",2,11,3,2018,720
366,28,19.0547173,72.8522001,2018-03-15 01:17:14.872,5244,47,"(19.0547173, 72.852200100000005)",3,11,3,2018,8221
367,29,19.1072193,72.8369538,2018-03-15 03:59:13.390,28,123,"(19.107219300000001, 72.836953800000003)",3,11,3,2018,11756
368,30,19.0220603,72.8563304,2018-03-15 07:59:10.511,132,107,"(19.0220603, 72.856330400000004)",3,11,3,2018,2768
369,30,19.0224731,72.8562766,2018-03-15 08:49:09.001,225,53,"(19.022473099999999, 72.856276600000001)",3,11,3,2018,910
370,27,19.0225441,72.8565112,2018-03-15 09:10:45.631,132,79,"(19.022544100000001, 72.8565112)",3,11,3,2018,3862
371,47,19.0605244,72.8498912,2018-03-15 11:19:28.903,248,384,"(19.060524399999998, 72.849891200000002)",3,11,3,2018,361
372,30,19.0544612,72.8522633,2018-03-15 11:31:30.914,360,686,"(19.054461199999999, 72.852263300000004)",3,11,3,2018,807
373,29,19.0550111,72.851814,2018-03-15 12:28:44.568,125,69,"(19.055011100000002, 72.851814000000005)",3,11,3,2018,19954
374,30,19.0547183,72.8523273,2018-03-16 00:47:38.293,778,61,"(19.054718300000001, 72.852327299999999)",4,11,3,2018,728
375,28,19.054643,72.8523364,2018-03-16 02:04:51.152,1587,67,"(19.054642999999999, 72.852336399999999)",4,11,3,2018,366
376,36,19.0546009,72.8521687,2018-03-16 02:39:47.800,1729,16,"(19.054600900000001, 72.852168699999993)",4,11,3,2018,905
377,29,19.0549566,72.8518115,2018-03-16 02:56:56.768,120,59,"(19.054956600000001, 72.851811499999997)",4,11,3,2018,885
378,28,19.0546132,72.8523029,2018-03-16 03:45:59.728,2055,69,"(19.054613199999999, 72.852302899999998)",4,11,3,2018,1205
379,35,19.1070928,72.836677,2018-03-16 04:32:34.095,30,125,"(19.1070928, 72.836676999999995)",4,11,3,2018,4213
380,35,19.1072458,72.8371946,2018-03-16 07:43:25.516,7222,0,"(19.107245800000001, 72.837194600000004)",4,11,3,2018,15250
381,27,19.0550025,72.8518118,2018-03-16 12:34:02.313,122,68,"(19.055002500000001, 72.851811799999993)",4,11,3,2018,878
382,30,19.0550049,72.8518403,2018-03-16 14:12:57.610,381,72,"(19.0550049, 72.851840300000006)",4,11,3,2018,373
383,30,19.0544812,72.8520507,2018-03-16 15:30:41.945,4291,64,"(19.054481200000001, 72.852050700000007)",4,11,3,2018,9804
384,32,19.0545697,72.8523615,2018-03-17 00:51:21.364,2170,76,"(19.054569699999998, 72.852361500000001)",5,11,3,2018,1513
385,33,19.1070576,72.8368176,2018-03-17 01:33:23.197,60,316,"(19.107057600000001, 72.836817600000003)",5,11,3,2018,4201
386,50,19.1072348,72.8372269,2018-03-17 03:37:32.417,3236,4,"(19.107234800000001, 72.837226900000005)",5,11,3,2018,322
387,26,19.107275,72.8372894,2018-03-17 06:38:49.787,3913,10,"(19.107275000000001, 72.837289400000003)",5,11,3,2018,6765
388,29,19.1082948,72.838703,2018-03-17 08:39:09.238,65,62,"(19.108294799999999, 72.838702999999995)",5,11,3,2018,2497
389,30,19.0558251,72.8356211,2018-03-17 09:52:21.614,73,96,"(19.0558251, 72.835621099999997)",5,11,3,2018,2925
390,28,19.0544753,72.8523038,2018-03-17 10:55:40.261,62,159,"(19.0544753, 72.852303800000001)",5,11,3,2018,2299
391,30,19.0548673,72.8520144,2018-03-17 12:23:32.007,2965,36,"(19.054867300000002, 72.852014400000002)",5,11,3,2018,3712
392,28,19.054484,72.8523351,2018-03-17 13:29:37.980,242,62,"(19.054483999999999, 72.852335100000005)",5,11,3,2018,5574
393,44,19.0549959,72.8518207,2018-03-17 15:54:51.536,3124,17,"(19.054995900000002, 72.851820700000005)",5,11,3,2018,1022
394,28,19.0549699,72.8517862,2018-03-17 16:32:07.188,1212,4,"(19.0549699, 72.851786200000006)",5,11,3,2018,1969
395,32,19.0546933,72.8520843,2018-03-17 18:39:37.507,5672,27,"(19.0546933, 72.852084300000001)",5,11,3,2018,420
396,32,19.0546682,72.8520503,2018-03-17 21:13:40.421,8822,4,"(19.054668199999998, 72.852050300000002)",5,11,3,2018,1154
397,31,19.0546514,72.8519276,2018-03-17 23:22:17.466,6563,13,"(19.054651400000001, 72.851927599999996)",5,11,3,2018,1457
398,29,19.0546685,72.8520485,2018-03-18 00:36:29.441,2994,4,"(19.054668499999998, 72.852048499999995)",6,11,3,2018,1315
399,34,19.0547369,72.8522956,2018-03-18 02:01:05.223,3760,27,"(19.054736900000002, 72.852295600000005)",6,11,3,2018,5376
400,29,19.0549974,72.8518107,2018-03-18 03:35:04.423,256,65,"(19.054997400000001, 72.851810700000001)",6,11,3,2018,5149
401,30,19.0547306,72.8522129,2018-03-18 05:27:20.157,1578,50,"(19.054730599999999, 72.852212899999998)",6,11,3,2018,8397
402,33,18.6409231,73.7797145,2018-03-18 09:52:39.400,120,421,"(18.640923099999998, 73.779714499999997)",6,11,3,2018,376
403,47,18.6413755,73.7631295,2018-03-18 15:36:34.489,7884,78,"(18.641375499999999, 73.763129500000005)",6,11,3,2018,979
404,29,19.1074875,72.8372249,2018-03-19 04:09:09.555,376,430,"(19.107487500000001, 72.837224899999995)",0,12,3,2018,23499
405,28,19.0548293,72.8519973,2018-03-19 11:57:15.109,4528,6005,"(19.054829300000002, 72.851997299999994)",0,12,3,2018,3748
406,33,19.0546101,72.8522464,2018-03-19 14:02:13.445,60,51,"(19.054610100000001, 72.852246399999999)",0,12,3,2018,3888
407,27,19.0864357,72.8896182,2018-03-19 15:28:16.456,250,850,"(19.086435699999999, 72.889618200000001)",0,12,3,2018,494
408,29,19.0543713,72.852054,2018-03-19 18:24:27.994,61,216,"(19.0543713, 72.852053999999995)",0,12,3,2018,1147
409,50,19.0548095,72.8519889,2018-03-20 01:51:08.195,1656,6,"(19.054809500000001, 72.851988899999995)",1,12,3,2018,615
410,28,19.1073596,72.8371492,2018-03-20 02:57:10.157,515,1946,"(19.107359599999999, 72.837149199999999)",1,12,3,2018,14586
411,26,19.1074875,72.8372249,2018-03-20 07:27:15.673,1579,36,"(19.107487500000001, 72.837224899999995)",1,12,3,2018,11297
412,29,19.0549472,72.8521883,2018-03-20 11:33:42.224,1991,953,"(19.054947200000001, 72.852188299999995)",1,12,3,2018,3827
413,27,19.054723,72.8522027,2018-03-20 13:11:19.115,192,51,"(19.054722999999999, 72.852202700000007)",1,12,3,2018,1696
414,16,19.0548964,72.8519473,2018-03-20 15:19:42.230,6004,19,"(19.054896400000001, 72.851947300000006)",1,12,3,2018,476
415,30,19.0546516,72.8523017,2018-03-20 15:33:42.203,363,55,"(19.0546516, 72.852301699999998)",1,12,3,2018,483
416,27,19.0864788,72.8895545,2018-03-20 16:06:54.063,245,97,"(19.086478799999998, 72.889554500000003)",1,12,3,2018,2418
417,50,19.0766729,72.877811,2018-03-20 19:43:05.358,169,977,"(19.076672899999998, 72.877810999999994)",1,12,3,2018,481
418,30,19.054738,72.8520578,2018-03-21 02:56:41.274,24916,20,"(19.054738, 72.852057799999997)",2,12,3,2018,479
419,29,19.1072315,72.8369365,2018-03-21 03:58:02.812,86,171,"(19.107231500000001, 72.836936499999993)",2,12,3,2018,4082
420,50,19.1074803,72.8372134,2018-03-21 05:27:15.982,1256,1,"(19.107480299999999, 72.837213399999996)",2,12,3,2018,14502
421,32,19.1099206,72.8374517,2018-03-21 09:33:32.742,240,229,"(19.109920599999999, 72.837451700000003)",2,12,3,2018,595
422,47,19.1100611,72.8375167,2018-03-21 10:34:13.350,3043,13,"(19.110061099999999, 72.837516699999995)",2,12,3,2018,2016
423,33,19.110101,72.8375304,2018-03-21 11:41:48.230,2036,0,"(19.110101, 72.837530400000006)",2,12,3,2018,1134
424,28,19.1100351,72.837568,2018-03-21 12:21:41.986,1257,8,"(19.110035100000001, 72.837568000000005)",2,12,3,2018,7045
425,16,19.0548964,72.8519473,2018-03-21 15:09:43.272,3025,6293,"(19.054896400000001, 72.851947300000006)",2,12,3,2018,4324
426,31,19.0547845,72.8520424,2018-03-21 18:45:49.685,2250,2,"(19.0547845, 72.852042400000002)",2,12,3,2018,21000
427,29,19.0546692,72.8522157,2018-03-22 03:06:51.561,2118,49,"(19.054669199999999, 72.852215700000002)",3,12,3,2018,354
428,27,19.0652809,72.8589374,2018-03-22 03:22:23.898,119,63,"(19.065280900000001, 72.858937400000002)",3,12,3,2018,4062
429,27,19.1071703,72.8371321,2018-03-22 05:06:34.914,120,54,"(19.1071703, 72.837132100000005)",3,12,3,2018,7921
430,29,19.1074167,72.8372181,2018-03-22 09:56:28.504,4626,4,"(19.107416700000002, 72.837218100000001)",3,12,3,2018,4051
431,27,19.0864793,72.8895537,2018-03-22 14:14:07.039,1169,2508,"(19.086479300000001, 72.889553699999993)",3,12,3,2018,1089
432,27,19.0552493,72.8313782,2018-03-22 15:33:26.195,121,419,"(19.0552493, 72.831378200000003)",3,12,3,2018,1008
433,27,19.054458,72.8522786,2018-03-22 18:57:47.087,58,123,"(19.054458, 72.852278600000005)",3,12,3,2018,1579
434,28,19.0548107,72.8521569,2018-03-23 02:55:25.914,27077,40,"(19.054810700000001, 72.852156899999997)",4,12,3,2018,5151
435,26,19.1072289,72.8371267,2018-03-23 05:11:54.586,119,394,"(19.107228899999999, 72.837126699999999)",4,12,3,2018,2876
436,32,19.107488,72.8372458,2018-03-23 07:15:32.787,4534,2,"(19.107488, 72.837245800000005)",4,12,3,2018,6256
437,35,19.1074875,72.8372249,2018-03-23 10:40:23.111,6016,0,"(19.107487500000001, 72.837224899999995)",4,12,3,2018,4519
438,36,19.0542025,72.852216,2018-03-23 14:08:08.766,68,56,"(19.054202499999999, 72.852215999999999)",4,12,3,2018,2160
439,34,19.0635678,72.8622507,2018-03-23 15:24:34.764,61,93,"(19.063567800000001, 72.862250700000004)",4,12,3,2018,423
440,37,19.0689128,72.8699751,2018-03-23 15:38:06.879,67,76,"(19.0689128, 72.869975100000005)",4,12,3,2018,3518
441,47,19.0593134,72.8646611,2018-03-23 16:45:20.774,497,1219,"(19.059313400000001, 72.864661100000006)",4,12,3,2018,432
442,48,19.0542804,72.8521143,2018-03-23 17:08:27.082,515,1461,"(19.0542804, 72.852114299999997)",4,12,3,2018,422
443,27,19.054848,72.8519671,2018-03-23 17:41:39.789,1568,12,"(19.054848, 72.851967099999996)",4,12,3,2018,24794
444,10,19.1069873,72.836881,2018-03-24 01:44:32.000,16,68,"(19.1069873, 72.836881000000005)",5,12,3,2018,4891
445,32,19.1074875,72.8372249,2018-03-24 04:01:28.534,3309,0,"(19.107487500000001, 72.837224899999995)",5,12,3,2018,7092
446,42,19.1074875,72.8372249,2018-03-24 06:19:23.973,119,68,"(19.107487500000001, 72.837224899999995)",5,12,3,2018,4913
447,32,19.109904,72.8378848,2018-03-24 07:47:43.027,372,313,"(19.109904, 72.837884799999998)",5,12,3,2018,2161
448,25,19.1072278,72.8371273,2018-03-24 08:29:42.320,119,68,"(19.1072278, 72.837127300000006)",5,12,3,2018,5514
449,28,19.0547959,72.8519971,2018-03-24 11:23:46.895,308,979,"(19.054795899999998, 72.851997100000006)",5,12,3,2018,361
450,50,19.0672844,72.8625248,2018-03-24 14:00:22.375,240,55,"(19.067284399999998, 72.862524800000003)",5,12,3,2018,1335
451,47,19.0548936,72.8518441,2018-03-25 02:07:43.809,3633,0,"(19.0548936, 72.851844099999994)",6,12,3,2018,737
452,29,19.0547682,72.8519833,2018-03-25 04:24:20.615,7459,20,"(19.054768200000002, 72.851983300000001)",6,12,3,2018,1170
453,16,19.0548964,72.8519473,2018-03-25 05:08:53.580,1502,13,"(19.054896400000001, 72.851947300000006)",6,12,3,2018,16705
454,27,19.0866888,72.889887,2018-03-25 10:31:02.012,153,184,"(19.086688800000001, 72.889887000000002)",6,12,3,2018,5687
455,27,19.086167,72.8887477,2018-03-25 12:07:11.270,60,69,"(19.086167, 72.888747699999996)",6,12,3,2018,3368
456,27,19.0868579,72.8895057,2018-03-25 13:04:37.420,63,59,"(19.086857899999998, 72.889505700000001)",6,12,3,2018,5496
457,27,19.0863742,72.8886057,2018-03-25 15:28:11.026,1808,30,"(19.086374200000002, 72.888605699999999)",6,12,3,2018,497
458,26,19.0864466,72.8894545,2018-03-25 15:38:30.322,121,90,"(19.086446599999999, 72.889454499999999)",6,12,3,2018,2618
459,39,19.0573086,72.8477757,2018-03-25 16:50:31.837,32,118,"(19.057308599999999, 72.8477757)",6,12,3,2018,2551
460,50,19.0543684,72.8522861,2018-03-25 17:38:19.034,118,260,"(19.054368400000001, 72.852286100000001)",6,12,3,2018,425
461,27,19.0548664,72.8519844,2018-03-25 17:50:34.994,305,54,"(19.054866400000002, 72.851984400000006)",6,12,3,2018,15845
462,28,19.0548032,72.8521998,2018-03-25 23:15:32.746,3638,30,"(19.054803199999998, 72.852199799999994)",6,12,3,2018,2444
463,28,19.0548581,72.8520088,2018-03-26 00:04:24.297,482,51,"(19.054858100000001, 72.852008799999993)",0,13,3,2018,7188
464,44,19.0547417,72.8524777,2018-03-26 02:33:06.497,1718,0,"(19.054741700000001, 72.852477699999994)",0,13,3,2018,741
465,50,19.0549704,72.8518029,2018-03-26 02:49:28.760,240,75,"(19.054970399999998, 72.851802899999996)",0,13,3,2018,369
466,28,19.0226309,72.8558063,2018-03-26 03:18:49.182,32,51,"(19.022630899999999, 72.855806299999998)",0,13,3,2018,4595
467,28,19.0223612,72.8558069,2018-03-26 04:41:52.413,121,88,"(19.022361199999999, 72.855806900000005)",0,13,3,2018,14984
468,25,19.0219308,72.8556637,2018-03-26 08:54:38.615,119,56,"(19.0219308, 72.855663699999994)",0,13,3,2018,8577
469,29,19.0548024,72.8518738,2018-03-26 11:49:39.056,257,56,"(19.0548024, 72.851873800000007)",0,13,3,2018,4301
470,31,19.0544301,72.8519593,2018-03-26 14:35:07.574,1947,45,"(19.054430100000001, 72.851959300000004)",0,13,3,2018,4391
471,40,19.0863649,72.8893766,2018-03-26 16:10:16.133,111,261,"(19.0863649, 72.889376600000006)",0,13,3,2018,331
472,28,19.0866939,72.889932,2018-03-26 18:13:19.296,7046,1,"(19.0866939, 72.889932000000002)",0,13,3,2018,406
473,29,19.0544545,72.8522799,2018-03-26 18:39:08.677,213,1725,"(19.054454499999999, 72.852279899999999)",0,13,3,2018,1597
474,27,19.0547291,72.8524535,2018-03-26 19:07:13.900,74,58,"(19.054729099999999, 72.852453499999996)",0,13,3,2018,27322
475,16,19.0233909,72.8569724,2018-03-27 03:24:17.182,32,201,"(19.023390899999999, 72.856972400000004)",1,13,3,2018,30573
476,40,19.0549662,72.8517872,2018-03-27 12:39:38.890,615,63,"(19.054966199999999, 72.851787200000004)",1,13,3,2018,12858
477,47,19.0547408,72.8524755,2018-03-27 17:19:38.373,379,67,"(19.054740800000001, 72.852475499999997)",1,13,3,2018,8836
478,47,19.0547408,72.8524755,2018-03-27 20:11:32.463,1460,0,"(19.054740800000001, 72.852475499999997)",1,13,3,2018,2663
479,47,19.0547408,72.8524755,2018-03-27 21:28:57.224,1980,0,"(19.054740800000001, 72.852475499999997)",1,13,3,2018,16402
480,29,19.022982,72.8556486,2018-03-28 03:15:33.540,36,202,"(19.022981999999999, 72.855648599999995)",2,13,3,2018,2386
481,27,19.0221733,72.8557158,2018-03-28 08:30:28.411,16492,23,"(19.022173299999999, 72.855715799999999)",2,13,3,2018,568
482,29,19.0639975,72.8350857,2018-03-28 10:20:29.448,38,56,"(19.063997499999999, 72.835085699999993)",2,13,3,2018,1110
483,27,19.0545818,72.852277,2018-03-28 10:58:32.081,60,59,"(19.054581800000001, 72.852277000000001)",2,13,3,2018,1899
484,28,19.054836,72.8519574,2018-03-28 12:19:27.772,2950,12,"(19.054836000000002, 72.851957400000003)",2,13,3,2018,1474
485,44,19.0548548,72.8518456,2018-03-28 15:23:42.290,4714,53,"(19.054854800000001, 72.851845600000004)",2,13,3,2018,44128
486,27,19.0225377,72.8557158,2018-03-29 04:04:24.550,34,242,"(19.022537700000001, 72.855715799999999)",3,13,3,2018,1543
487,32,19.0221595,72.8563143,2018-03-29 05:53:42.188,5001,62,"(19.022159500000001, 72.856314299999994)",3,13,3,2018,1100
488,41,19.0221446,72.8562849,2018-03-29 06:45:01.284,1975,9,"(19.022144600000001, 72.856284900000006)",3,13,3,2018,8591
489,32,19.0221549,72.8563127,2018-03-29 09:10:58.183,131,57,"(19.0221549, 72.856312700000004)",3,13,3,2018,4714
490,50,19.0545051,72.8522624,2018-03-29 10:54:24.065,62,183,"(19.0545051, 72.852262400000001)",3,13,3,2018,6703
491,37,19.0864863,72.8895523,2018-03-29 13:14:18.586,341,271,"(19.086486300000001, 72.889552300000005)",3,13,3,2018,4635
492,47,19.0869716,72.8895757,2018-03-29 14:38:08.598,30,1665,"(19.086971599999998, 72.889575699999995)",3,13,3,2018,2303
493,28,19.0867017,72.8899127,2018-03-29 15:17:41.662,56,51,"(19.086701699999999, 72.889912699999996)",3,13,3,2018,4916
494,30,19.0544614,72.8522803,2018-03-29 17:11:05.781,490,2782,"(19.054461400000001, 72.852280300000004)",3,13,3,2018,1584
495,35,19.054861,72.8518547,2018-03-29 18:16:48.833,1881,21,"(19.054860999999999, 72.851854700000004)",3,13,3,2018,5895
496,50,19.0551256,72.8519357,2018-03-29 19:59:19.109,248,51,"(19.0551256, 72.851935699999999)",3,13,3,2018,605
497,37,19.0548257,72.8518234,2018-03-29 20:39:44.317,120,59,"(19.054825699999999, 72.851823400000001)",3,13,3,2018,747
498,50,19.0549459,72.8522724,2018-03-29 21:40:47.312,1571,19,"(19.0549459, 72.852272400000004)",3,13,3,2018,1579
499,36,19.0549091,72.8518325,2018-03-29 22:09:07.631,120,56,"(19.0549091, 72.8518325)",3,13,3,2018,482
500,50,19.0547838,72.8522585,2018-03-29 22:29:18.339,245,79,"(19.054783799999999, 72.852258500000005)",3,13,3,2018,1204
501,36,19.0548689,72.8519904,2018-03-29 22:51:25.185,121,51,"(19.054868899999999, 72.851990400000005)",3,13,3,2018,1963
502,50,19.0548036,72.8521328,2018-03-29 23:56:19.527,1326,7,"(19.0548036, 72.852132800000007)",3,13,3,2018,1459
503,44,19.0549915,72.8522258,2018-03-30 00:24:42.517,241,52,"(19.0549915, 72.852225799999999)",4,13,3,2018,2299
504,39,19.0548948,72.8523928,2018-03-30 01:33:43.699,370,71,"(19.0548948, 72.852392800000004)",4,13,3,2018,1119
505,31,19.0549141,72.852353,2018-03-30 02:16:52.710,1468,45,"(19.054914100000001, 72.852352999999994)",4,13,3,2018,5566
506,50,19.0550998,72.8519647,2018-03-30 03:53:58.884,237,63,"(19.055099800000001, 72.851964699999996)",4,13,3,2018,966
507,31,19.0223019,72.8554336,2018-03-30 04:35:37.714,30,207,"(19.022301899999999, 72.855433599999998)",4,13,3,2018,21364
508,29,19.0544682,72.8522681,2018-03-30 10:56:32.703,30,96,"(19.054468199999999, 72.852268100000003)",4,13,3,2018,1961
509,28,19.0549956,72.8519964,2018-03-30 11:29:58.194,31,55,"(19.054995600000002, 72.851996400000004)",4,13,3,2018,4604
510,27,19.0546035,72.8522748,2018-03-30 12:53:09.504,366,52,"(19.054603499999999, 72.852274800000004)",4,13,3,2018,884
511,30,19.0574337,72.8495983,2018-03-30 13:15:09.770,30,51,"(19.057433700000001, 72.849598299999997)",4,13,3,2018,384
512,34,19.0605885,72.850458,2018-03-30 14:07:58.421,1180,101,"(19.060588500000001, 72.850458000000003)",4,13,3,2018,335
513,29,19.0544479,72.8523317,2018-03-30 14:26:28.821,29,115,"(19.0544479, 72.852331699999993)",4,13,3,2018,3413
514,30,19.0548774,72.8520609,2018-03-30 15:54:04.971,1833,20,"(19.054877399999999, 72.852060899999998)",4,13,3,2018,300
515,32,19.0548426,72.8518527,2018-03-30 16:31:35.596,1950,40,"(19.054842600000001, 72.851852699999995)",4,13,3,2018,31284
516,36,19.0548813,72.8518357,2018-03-31 03:08:49.522,3491,52,"(19.054881300000002, 72.851835699999995)",5,13,3,2018,1713
517,16,19.0224138,72.8554296,2018-03-31 03:59:19.000,15,108,"(19.022413799999999, 72.855429599999994)",5,13,3,2018,471
518,28,19.0219472,72.856014,2018-03-31 04:10:24.693,151,61,"(19.0219472, 72.856014000000002)",5,13,3,2018,12344
519,35,19.0217483,72.8557228,2018-03-31 07:39:06.436,130,73,"(19.021748299999999, 72.855722799999995)",5,13,3,2018,4708
520,33,19.0544402,72.8523383,2018-03-31 09:21:54.837,28,133,"(19.054440199999998, 72.8523383)",5,13,3,2018,323
521,31,19.0549309,72.8518619,2018-03-31 09:27:54.473,30,52,"(19.054930899999999, 72.851861900000003)",5,13,3,2018,1507
522,28,19.0545801,72.8522721,2018-03-31 09:55:06.443,118,68,"(19.054580099999999, 72.852272099999993)",5,13,3,2018,2465
523,35,19.055064,72.8518528,2018-03-31 10:38:20.109,119,63,"(19.055064000000002, 72.851852800000003)",5,13,3,2018,814
524,28,19.0546672,72.8521199,2018-03-31 12:17:59.146,3831,37,"(19.054667200000001, 72.852119900000005)",5,13,3,2018,970
525,30,19.0522113,72.8678113,2018-03-31 12:54:25.404,27,266,"(19.0522113, 72.8678113)",5,13,3,2018,6208
526,29,18.6407583,73.7797028,2018-04-01 09:07:18.938,12554,20,"(18.640758300000002, 73.779702799999995)",6,13,4,2018,570
527,30,19.0453626,73.0825183,2018-04-01 11:10:12.945,92,88,"(19.045362600000001, 73.082518300000004)",6,13,4,2018,17960
528,39,19.0543219,72.8521415,2018-04-01 17:06:15.929,33,219,"(19.054321900000001, 72.852141500000002)",6,13,4,2018,490
529,50,19.0548842,72.8519083,2018-04-01 18:18:48.368,277,62,"(19.0548842, 72.851908300000005)",6,13,4,2018,22178
530,37,19.0551752,72.8518218,2018-04-02 00:50:09.477,1219,35,"(19.055175200000001, 72.851821799999996)",0,14,4,2018,2946
531,32,19.0547432,72.8523032,2018-04-02 02:35:38.599,3379,56,"(19.054743200000001, 72.852303199999994)",0,14,4,2018,3324
532,47,19.10709,72.8369043,2018-04-02 03:54:29.212,62,447,"(19.107089999999999, 72.8369043)",0,14,4,2018,25942
533,30,19.0544775,72.8522871,2018-04-02 11:43:52.193,30,94,"(19.054477500000001, 72.852287099999998)",0,14,4,2018,1201
534,30,19.0547083,72.8522045,2018-04-02 12:54:00.391,1717,14,"(19.054708300000001, 72.852204499999999)",0,14,4,2018,1180
535,47,19.0542541,72.8519037,2018-04-02 14:09:46.143,194,130,"(19.054254100000001, 72.851903699999994)",0,14,4,2018,607
536,44,19.054738,72.8524676,2018-04-02 16:03:54.692,2772,27,"(19.054738, 72.852467599999997)",0,14,4,2018,11499
537,42,19.054738,72.8524676,2018-04-02 19:19:49.510,239,70,"(19.054738, 72.852467599999997)",0,14,4,2018,21246
538,27,19.1070976,72.8368711,2018-04-03 01:31:45.431,30,169,"(19.107097599999999, 72.836871099999996)",1,14,4,2018,24005
539,29,19.0548993,72.851874,2018-04-03 09:43:49.019,480,59,"(19.054899299999999, 72.851873999999995)",1,14,4,2018,4827
540,28,19.0547883,72.8521657,2018-04-03 11:29:10.715,1485,18,"(19.054788299999998, 72.8521657)",1,14,4,2018,3358
541,50,19.0552751,72.8489536,2018-04-03 12:45:09.800,153,2749,"(19.055275099999999, 72.848953600000002)",1,14,4,2018,331
542,32,19.0545747,72.8521249,2018-04-03 13:01:18.177,60,57,"(19.0545747, 72.852124900000007)",1,14,4,2018,15231
543,50,19.0547861,72.852419,2018-04-03 21:33:05.236,15437,20,"(19.054786100000001, 72.852418999999998)",1,14,4,2018,21235
544,29,19.1070685,72.8367434,2018-04-04 04:00:08.405,27,282,"(19.1070685, 72.836743400000003)",2,14,4,2018,885
545,25,19.1071984,72.8372112,2018-04-04 04:59:47.997,2685,1,"(19.107198400000001, 72.837211199999999)",2,14,4,2018,21145
546,46,19.0544809,72.8521279,2018-04-04 11:20:14.155,29,51,"(19.054480900000001, 72.852127899999999)",2,14,4,2018,5747
547,31,19.054738,72.8524676,2018-04-04 15:52:41.523,2942,47,"(19.054738, 72.852467599999997)",2,14,4,2018,3634
548,28,19.0548486,72.8519872,2018-04-04 18:06:36.080,4393,4,"(19.0548486, 72.851987199999996)",2,14,4,2018,1587
549,28,19.054742,72.8524742,2018-04-04 21:14:06.097,9661,27,"(19.054742000000001, 72.852474200000003)",2,14,4,2018,494
550,50,19.0547296,72.8523774,2018-04-04 22:15:41.102,3200,4,"(19.054729600000002, 72.852377399999995)",2,14,4,2018,2078
551,29,19.0548413,72.8522235,2018-04-05 00:26:37.099,3931,20,"(19.0548413, 72.852223499999994)",3,14,4,2018,1605
552,50,19.0547821,72.8524253,2018-04-05 01:20:17.110,1611,22,"(19.054782100000001, 72.852425299999993)",3,14,4,2018,11397
553,34,19.1068867,72.8369433,2018-04-05 05:06:58.370,31,180,"(19.1068867, 72.836943300000001)",3,14,4,2018,6348
554,30,19.0545748,72.852361,2018-04-05 13:25:15.315,2448,70,"(19.054574800000001, 72.852361000000002)",3,14,4,2018,11036
555,47,19.054738,72.8524676,2018-04-05 17:25:40.926,3366,29,"(19.054738, 72.852467599999997)",3,14,4,2018,27463
556,31,19.0547793,72.8520108,2018-04-06 02:04:27.342,3603,20,"(19.0547793, 72.852010800000002)",4,14,4,2018,645
557,29,19.0547139,72.8523182,2018-04-06 02:34:00.495,276,51,"(19.054713899999999, 72.852318199999999)",4,14,4,2018,511
558,16,19.0544377,72.8521687,2018-04-06 03:11:17.048,241,60,"(19.054437700000001, 72.852168699999993)",4,14,4,2018,2314
559,39,19.107189,72.8372069,2018-04-06 04:59:34.398,2534,2885,"(19.107189000000002, 72.837206899999998)",4,14,4,2018,3042
560,29,19.107189,72.8372069,2018-04-06 07:12:19.912,2324,0,"(19.107189000000002, 72.837206899999998)",4,14,4,2018,13856
561,31,19.0549179,72.8518991,2018-04-06 11:39:32.342,143,55,"(19.0549179, 72.851899099999997)",4,14,4,2018,1113
562,29,19.0544637,72.8522756,2018-04-06 14:11:21.990,31,90,"(19.054463699999999, 72.852275599999999)",4,14,4,2018,734
563,27,19.0548803,72.8518499,2018-04-06 14:48:18.912,1478,65,"(19.054880300000001, 72.851849900000005)",4,14,4,2018,33574
564,28,19.054738,72.8524676,2018-04-07 00:13:31.416,240,52,"(19.054738, 72.852467599999997)",5,14,4,2018,618
565,29,19.0544377,72.8521687,2018-04-07 01:32:58.296,4147,46,"(19.054437700000001, 72.852168699999993)",5,14,4,2018,2954
566,27,19.107129,72.8369245,2018-04-07 02:42:12.411,30,254,"(19.107129, 72.836924499999995)",5,14,4,2018,16447
567,29,19.1099334,72.8375966,2018-04-07 07:22:30.413,183,207,"(19.109933399999999, 72.837596599999998)",5,14,4,2018,2095
568,31,19.1072475,72.8368706,2018-04-07 08:03:17.311,153,118,"(19.1072475, 72.836870599999997)",5,14,4,2018,4864
569,27,19.1043877,72.836864,2018-04-07 09:37:14.032,120,108,"(19.1043877, 72.836864000000006)",5,14,4,2018,806
570,32,19.054382,72.8520708,2018-04-07 10:20:36.873,30,199,"(19.054382, 72.852070800000007)",5,14,4,2018,2386
571,36,19.0548537,72.8518277,2018-04-07 11:06:40.286,362,60,"(19.054853699999999, 72.851827700000001)",5,14,4,2018,6760
572,28,19.0548545,72.8520057,2018-04-07 13:27:13.385,1661,8,"(19.054854500000001, 72.852005700000007)",5,14,4,2018,729
573,30,19.0548722,72.8518329,2018-04-07 14:08:27.467,1317,62,"(19.054872199999998, 72.851832900000005)",5,14,4,2018,1351
574,16,19.0544377,72.8521687,2018-04-07 14:39:03.398,483,59,"(19.054437700000001, 72.852168699999993)",5,14,4,2018,2097
575,28,19.0547417,72.8522339,2018-04-07 16:07:47.361,2972,39,"(19.054741700000001, 72.852233900000002)",5,14,4,2018,5972
576,30,19.0548672,72.8518418,2018-04-07 17:49:36.523,122,56,"(19.0548672, 72.851841800000003)",5,14,4,2018,1671
577,28,19.0548481,72.8519677,2018-04-07 18:52:32.422,2102,8,"(19.054848100000001, 72.851967700000003)",5,14,4,2018,1336
578,44,19.054738,72.8524676,2018-04-07 19:19:05.471,255,68,"(19.054738, 72.852467599999997)",5,14,4,2018,20317
579,35,19.0546614,72.8521979,2018-04-08 01:43:50.456,2700,2,"(19.054661400000001, 72.852197899999993)",6,14,4,2018,1104
580,33,19.0546548,72.8523906,2018-04-08 02:28:40.453,1584,25,"(19.054654800000002, 72.852390600000007)",6,14,4,2018,21399
581,27,19.0545646,72.8524132,2018-04-08 08:50:55.928,1466,9,"(19.054564599999999, 72.852413200000001)",6,14,4,2018,1090
582,16,19.0544377,72.8521687,2018-04-08 09:40:01.430,1853,27,"(19.054437700000001, 72.852168699999993)",6,14,4,2018,19704
583,32,19.0546954,72.8522382,2018-04-08 15:33:36.446,1455,25,"(19.0546954, 72.852238200000002)",6,14,4,2018,10219
584,26,19.1071965,72.8371232,2018-04-09 03:14:41.415,103,518,"(19.107196500000001, 72.837123199999994)",0,15,4,2018,26320
585,30,19.0606157,72.8506091,2018-04-09 11:03:29.733,58,76,"(19.0606157, 72.8506091)",0,15,4,2018,337
586,37,19.0545725,72.8518716,2018-04-09 11:15:40.526,97,462,"(19.054572499999999, 72.851871599999996)",0,15,4,2018,3299
587,28,19.0549065,72.8518073,2018-04-09 12:12:52.924,118,55,"(19.054906500000001, 72.851807300000004)",0,15,4,2018,2789
588,28,19.0546264,72.8520239,2018-04-09 13:39:58.385,2428,9,"(19.0546264, 72.852023900000006)",0,15,4,2018,5860
589,31,19.0548298,72.8519146,2018-04-09 15:19:52.167,120,53,"(19.0548298, 72.851914600000001)",0,15,4,2018,31617
590,29,19.0547323,72.8524629,2018-04-10 00:31:02.414,1372,52,"(19.054732300000001, 72.852462900000006)",1,15,4,2018,4852
591,50,19.054754,72.85239,2018-04-10 02:20:29.498,1702,57,"(19.054753999999999, 72.85239)",1,15,4,2018,5449
592,31,19.1072152,72.836909,2018-04-10 04:24:17.347,31,263,"(19.107215199999999, 72.836909000000006)",1,15,4,2018,7196
593,50,19.1072046,72.8371996,2018-04-10 07:36:41.482,4319,14,"(19.107204599999999, 72.837199600000005)",1,15,4,2018,12537
594,27,19.1071271,72.836922,2018-04-11 04:50:29.746,32,93,"(19.1071271, 72.836922000000001)",2,15,4,2018,13037
595,28,19.0650816,72.8592334,2018-04-11 09:01:41.813,126,287,"(19.065081599999999, 72.859233399999994)",2,15,4,2018,4527
596,30,19.0544773,72.8522613,2018-04-11 10:28:15.314,59,101,"(19.054477299999999, 72.852261299999995)",2,15,4,2018,547
597,33,19.054934,72.851827,2018-04-11 10:47:48.979,618,71,"(19.054933999999999, 72.851827)",2,15,4,2018,2201
598,27,19.0546932,72.852336,2018-04-11 12:15:44.409,3071,6,"(19.054693199999999, 72.852335999999994)",2,15,4,2018,1085
599,45,19.0544425,72.8515132,2018-04-11 14:28:46.032,60,123,"(19.0544425, 72.851513199999999)",2,15,4,2018,7984
600,33,19.0547323,72.8524629,2018-04-11 17:27:31.587,2720,0,"(19.054732300000001, 72.852462900000006)",2,15,4,2018,24262
601,28,19.0547323,72.8524629,2018-04-12 00:15:30.334,119,51,"(19.054732300000001, 72.852462900000006)",3,15,4,2018,9600
602,28,19.1070885,72.8369382,2018-04-12 03:24:43.239,30,120,"(19.1070885, 72.836938200000006)",3,15,4,2018,9725
603,42,19.107188,72.8372109,2018-04-12 06:10:34.818,67,54,"(19.107188000000001, 72.837210900000002)",3,15,4,2018,9303
604,46,19.1075626,72.8372195,2018-04-12 08:47:23.245,60,53,"(19.107562600000001, 72.837219500000003)",3,15,4,2018,14521
605,34,19.0544306,72.8523763,2018-04-12 13:27:08.165,33,91,"(19.0544306, 72.852376300000003)",3,15,4,2018,3968
606,44,19.0544057,72.8520208,2018-04-12 14:37:34.580,240,53,"(19.0544057, 72.852020800000005)",3,15,4,2018,6268
607,37,19.0547323,72.8524629,2018-04-12 17:07:01.734,2687,18,"(19.054732300000001, 72.852462900000006)",3,15,4,2018,3043
608,47,19.0547323,72.8524629,2018-04-12 22:13:55.969,2440,15,"(19.054732300000001, 72.852462900000006)",3,15,4,2018,1084
609,47,19.0547323,72.8524629,2018-04-12 22:56:09.592,1448,0,"(19.054732300000001, 72.852462900000006)",3,15,4,2018,3252
610,47,19.0547323,72.8524629,2018-04-13 00:53:09.851,3765,0,"(19.054732300000001, 72.852462900000006)",4,15,4,2018,12261
611,30,19.1072355,72.8368898,2018-04-13 04:58:49.510,30,108,"(19.107235500000002, 72.836889799999994)",4,15,4,2018,13549
612,22,19.0555873,72.848971,2018-04-13 12:18:03.000,114,368,"(19.055587299999999, 72.848971000000006)",4,15,4,2018,1514
613,29,19.0544625,72.8522713,2018-04-13 12:56:25.435,201,654,"(19.0544625, 72.852271299999998)",4,15,4,2018,739
614,42,19.0543286,72.8517328,2018-04-13 14:07:52.334,185,148,"(19.054328600000002, 72.851732799999994)",4,15,4,2018,18487
615,47,19.0547323,72.8524629,2018-04-13 19:45:22.117,1700,0,"(19.054732300000001, 72.852462900000006)",4,15,4,2018,968
616,47,19.0547323,72.8524629,2018-04-13 22:03:49.122,2807,0,"(19.054732300000001, 72.852462900000006)",4,15,4,2018,3065
617,29,19.0548361,72.851959,2018-04-14 04:06:50.200,4519,24,"(19.054836099999999, 72.851958999999994)",5,15,4,2018,2180
618,28,19.0545146,72.8522124,2018-04-14 06:23:49.932,6034,29,"(19.054514600000001, 72.852212399999999)",5,15,4,2018,2593
619,50,19.0545608,72.8520116,2018-04-14 08:48:11.452,6060,20,"(19.054560800000001, 72.852011599999997)",5,15,4,2018,618
620,29,19.0547148,72.8524616,2018-04-14 09:04:41.388,370,51,"(19.054714799999999, 72.852461599999998)",5,15,4,2018,4656
621,30,19.0548386,72.8518011,2018-04-14 10:32:40.123,606,57,"(19.0548386, 72.851801100000003)",5,15,4,2018,360
622,32,19.0546785,72.8519878,2018-04-14 11:21:27.325,2566,28,"(19.054678500000001, 72.851987800000003)",5,15,4,2018,365
623,39,19.0547323,72.8524629,2018-04-14 11:57:42.853,1808,48,"(19.054732300000001, 72.852462900000006)",5,15,4,2018,1711
624,50,19.0548356,72.8519591,2018-04-14 12:36:31.064,612,54,"(19.054835600000001, 72.851959100000002)",5,15,4,2018,864
625,31,19.0543409,72.851927,2018-04-14 14:03:06.211,863,71,"(19.0543409, 72.851927000000003)",5,15,4,2018,8403
626,16,19.0544577,72.852169,2018-04-14 16:56:14.446,149,53,"(19.0544577, 72.852169000000004)",5,15,4,2018,2070
627,42,19.0546475,72.8523136,2018-04-15 03:40:45.385,4186,50,"(19.054647500000002, 72.852313600000002)",6,15,4,2018,584
628,32,19.0548257,72.8518176,2018-04-15 04:54:56.891,3864,55,"(19.054825699999999, 72.851817600000004)",6,15,4,2018,408
629,31,19.0548333,72.8519413,2018-04-15 06:19:25.144,3304,17,"(19.054833299999999, 72.851941299999993)",6,15,4,2018,21407
630,16,19.0544577,72.852169,2018-04-15 15:39:05.964,483,54,"(19.0544577, 72.852169000000004)",6,15,4,2018,497
631,27,19.0548629,72.8518119,2018-04-15 16:45:34.345,1244,8,"(19.0548629, 72.851811900000001)",6,15,4,2018,1225
632,31,19.0546746,72.8520518,2018-04-16 01:39:11.648,1721,31,"(19.054674599999998, 72.852051799999998)",0,16,4,2018,1579
633,28,19.1072281,72.8369906,2018-04-16 04:16:07.358,30,126,"(19.1072281, 72.836990599999993)",0,16,4,2018,16531
634,31,19.1100426,72.8376897,2018-04-16 08:59:53.457,65,85,"(19.1100426, 72.837689699999999)",0,16,4,2018,3903
635,27,19.1071383,72.8371206,2018-04-16 10:09:18.317,33,62,"(19.107138299999999, 72.837120600000006)",0,16,4,2018,2920
636,38,19.0546495,72.852293,2018-04-16 12:23:04.668,92,473,"(19.0546495, 72.852293000000003)",0,16,4,2018,318
637,36,19.0549366,72.8517598,2018-04-16 12:38:28.757,602,70,"(19.054936600000001, 72.851759799999996)",0,16,4,2018,485
638,27,19.054697,72.8522407,2018-04-16 12:48:35.229,119,64,"(19.054697000000001, 72.852240699999996)",0,16,4,2018,23321
639,41,19.0547696,72.8518399,2018-04-16 20:16:02.123,3443,3,"(19.0547696, 72.851839900000002)",0,16,4,2018,5745
640,29,19.0547639,72.8522082,2018-04-16 22:28:58.146,2215,0,"(19.054763900000001, 72.852208200000007)",0,16,4,2018,2024
641,29,19.054791,72.8519064,2018-04-17 01:16:44.553,8036,7,"(19.054791000000002, 72.851906400000004)",1,16,4,2018,2833
642,16,19.0544378,72.8521734,2018-04-17 02:30:01.233,1559,45,"(19.054437799999999, 72.852173399999998)",1,16,4,2018,3385
643,27,19.1071044,72.8368848,2018-04-17 03:51:05.241,29,74,"(19.107104400000001, 72.836884800000007)",1,16,4,2018,2292
644,30,19.1100653,72.837511,2018-04-17 04:35:41.477,371,323,"(19.110065299999999, 72.837511000000006)",1,16,4,2018,1839
645,50,19.1076029,72.8365728,2018-04-17 05:08:28.361,117,284,"(19.1076029, 72.836572799999999)",1,16,4,2018,13170
646,27,19.1072171,72.8372147,2018-04-17 09:58:19.467,4166,14,"(19.1072171, 72.837214700000004)",1,16,4,2018,2825
647,31,19.0545271,72.8523708,2018-04-17 11:11:49.305,29,92,"(19.054527100000001, 72.852370800000003)",1,16,4,2018,438
648,28,19.0546243,72.8523232,2018-04-17 11:29:31.476,241,61,"(19.0546243, 72.852323200000001)",1,16,4,2018,1239
649,42,19.054619,72.8523306,2018-04-17 12:12:55.430,1362,2,"(19.054618999999999, 72.852330600000002)",1,16,4,2018,422
650,38,19.055145,72.8489579,2018-04-17 12:38:42.028,61,52,"(19.055145, 72.848957900000002)",1,16,4,2018,938
651,30,19.0547218,72.8522751,2018-04-17 13:54:06.686,2829,25,"(19.054721799999999, 72.8522751)",1,16,4,2018,29956
652,47,19.0546988,72.8524431,2018-04-18 00:45:43.180,5742,0,"(19.054698800000001, 72.852443100000002)",2,16,4,2018,3998
653,16,19.0544378,72.8521734,2018-04-18 02:33:33.484,2463,40,"(19.054437799999999, 72.852173399999998)",2,16,4,2018,6054
654,28,19.1068523,72.8368398,2018-04-18 04:42:10.762,32,256,"(19.1068523, 72.836839800000007)",2,16,4,2018,11075
655,34,19.1099398,72.8370269,2018-04-18 08:52:04.459,191,301,"(19.109939799999999, 72.837026899999998)",2,16,4,2018,8174
656,32,19.1077349,72.8368979,2018-04-18 11:13:32.863,31,68,"(19.107734900000001, 72.836897899999997)",2,16,4,2018,1488
657,29,19.0544783,72.8523379,2018-04-18 12:06:55.712,34,75,"(19.0544783, 72.852337899999995)",2,16,4,2018,3212
658,28,19.0544754,72.8523221,2018-04-18 14:14:38.962,30,55,"(19.054475400000001, 72.852322099999995)",2,16,4,2018,431
659,26,19.0544378,72.8521734,2018-04-18 15:08:36.243,2803,37,"(19.054437799999999, 72.852173399999998)",2,16,4,2018,2429
660,27,19.0546906,72.852414,2018-04-18 16:11:34.021,1340,38,"(19.054690600000001, 72.852413999999996)",2,16,4,2018,1346
661,28,19.0544378,72.8521734,2018-04-18 17:04:37.756,1713,69,"(19.054437799999999, 72.852173399999998)",2,16,4,2018,3019
662,28,19.0546604,72.8521239,2018-04-18 20:39:09.882,2323,0,"(19.054660399999999, 72.852123899999995)",2,16,4,2018,4655
663,35,19.0546988,72.8524431,2018-04-19 00:20:08.794,8597,36,"(19.054698800000001, 72.852443100000002)",3,16,4,2018,2439
664,30,19.0547613,72.85218,2018-04-19 01:25:15.906,1461,8,"(19.054761299999999, 72.852180000000004)",3,16,4,2018,1098
665,50,19.054448,72.852187,2018-04-19 02:10:17.337,1600,36,"(19.054448000000001, 72.852187000000001)",3,16,4,2018,4617
666,30,19.0545514,72.8523663,2018-04-19 04:11:05.775,2622,46,"(19.054551400000001, 72.8523663)",3,16,4,2018,503
667,27,19.107218,72.8370677,2018-04-19 04:45:37.485,29,115,"(19.107218, 72.837067700000006)",3,16,4,2018,15567
668,47,19.1072046,72.8372188,2018-04-19 10:03:45.022,3462,21,"(19.107204599999999, 72.837218800000002)",3,16,4,2018,6222
669,30,19.0544762,72.8522647,2018-04-19 12:21:19.576,65,157,"(19.0544762, 72.852264700000006)",3,16,4,2018,1239
670,33,19.0548443,72.8520392,2018-04-19 13:24:11.722,2527,47,"(19.054844299999999, 72.852039199999993)",3,16,4,2018,5897
671,37,19.0546988,72.8524431,2018-04-19 15:50:17.816,1355,5,"(19.054698800000001, 72.852443100000002)",3,16,4,2018,6454
672,39,19.0546988,72.8524431,2018-04-19 19:30:50.484,2070,68,"(19.054698800000001, 72.852443100000002)",3,16,4,2018,18662
673,29,19.0544378,72.8521734,2018-04-20 02:19:00.975,3476,21,"(19.054437799999999, 72.852173399999998)",4,16,4,2018,3675
674,28,19.1072424,72.8369352,2018-04-20 04:33:41.799,120,101,"(19.107242400000001, 72.836935199999999)",4,16,4,2018,2255
675,27,19.1072008,72.8371975,2018-04-20 05:40:36.383,1749,2,"(19.107200800000001, 72.837197500000002)",4,16,4,2018,12250
676,36,19.1082546,72.8385958,2018-04-20 09:10:00.563,265,194,"(19.108254599999999, 72.838595799999993)",4,16,4,2018,3024
677,30,19.1072533,72.837016,2018-04-20 10:05:00.910,262,243,"(19.1072533, 72.837016000000006)",4,16,4,2018,1489
678,16,19.1072046,72.8372188,2018-04-20 11:06:43.216,2208,0,"(19.107204599999999, 72.837218800000002)",4,16,4,2018,3346
679,43,19.0554398,72.8490298,2018-04-20 12:35:43.578,242,52,"(19.055439799999998, 72.849029799999997)",4,16,4,2018,1543
680,31,19.05477,72.8521039,2018-04-20 13:36:24.446,1726,38,"(19.054770000000001, 72.852103900000003)",4,16,4,2018,3025
681,29,19.0544627,72.8522721,2018-04-20 14:31:29.712,135,53,"(19.054462699999998, 72.852272099999993)",4,16,4,2018,4077
682,50,19.0546438,72.8519027,2018-04-21 01:51:43.718,31893,28,"(19.054643800000001, 72.851902699999997)",5,16,4,2018,496
683,16,19.0544378,72.8521734,2018-04-21 03:32:12.237,5530,35,"(19.054437799999999, 72.852173399999998)",5,16,4,2018,1474
684,35,19.1068484,72.8367409,2018-04-21 04:20:46.580,79,449,"(19.106848400000001, 72.836740899999995)",5,16,4,2018,12629
685,16,19.1072046,72.8372188,2018-04-21 08:19:46.980,1641,0,"(19.107204599999999, 72.837218800000002)",5,16,4,2018,10301
686,30,19.1084952,72.8386151,2018-04-21 11:20:25.861,370,197,"(19.1084952, 72.838615099999998)",5,16,4,2018,1763
687,31,19.0546457,72.8521314,2018-04-21 12:23:58.320,31,86,"(19.054645699999998, 72.852131400000005)",5,16,4,2018,4258
688,50,19.0545427,72.8519993,2018-04-21 14:18:16.941,2576,22,"(19.054542699999999, 72.851999300000003)",5,16,4,2018,743
689,28,19.054626,72.8521757,2018-04-21 15:11:27.876,2447,8,"(19.054625999999999, 72.852175700000004)",5,16,4,2018,858
690,31,19.0549118,72.8517858,2018-04-21 16:23:17.834,3450,46,"(19.054911799999999, 72.851785800000002)",5,16,4,2018,551
691,30,19.0547773,72.8521837,2018-04-22 06:15:43.766,43675,48,"(19.054777300000001, 72.852183699999998)",6,16,4,2018,1100
692,23,19.1011701,72.8448222,2018-04-22 06:47:32.885,35,92,"(19.101170100000001, 72.844822199999996)",6,16,4,2018,9772
693,16,19.0544378,72.8521734,2018-04-22 11:11:08.464,5592,4218,"(19.054437799999999, 72.852173399999998)",6,16,4,2018,8075
694,16,19.0544378,72.8521734,2018-04-22 16:05:26.774,1433,34,"(19.054437799999999, 72.852173399999998)",6,16,4,2018,2047
695,50,19.054796,72.8518606,2018-04-22 23:03:48.728,4521,16,"(19.054796, 72.851860599999995)",6,16,4,2018,724
696,50,19.0548576,72.8518868,2018-04-22 23:36:13.737,1218,10,"(19.054857599999998, 72.851886800000003)",6,16,4,2018,2325
697,28,19.0546055,72.8523595,2018-04-23 01:05:57.157,3055,61,"(19.054605500000001, 72.852359500000006)",0,17,4,2018,5073
698,39,19.1071977,72.8373306,2018-04-23 03:37:27.786,2275,102,"(19.1071977, 72.837330600000001)",0,17,4,2018,4034
699,42,19.1072046,72.8372188,2018-04-23 04:51:39.776,30,1392,"(19.107204599999999, 72.837218800000002)",0,17,4,2018,11021
700,25,19.1072109,72.8372388,2018-04-23 09:33:53.961,5858,2,"(19.107210899999998, 72.837238799999994)",0,17,4,2018,6432
701,29,19.0544818,72.852297,2018-04-23 12:05:40.060,57,100,"(19.054481800000001, 72.852296999999993)",0,17,4,2018,1892
702,28,19.0548768,72.8517704,2018-04-23 13:43:00.747,3940,60,"(19.054876799999999, 72.851770400000007)",0,17,4,2018,6971
703,46,19.0534201,72.8472034,2018-04-23 15:43:24.319,241,553,"(19.0534201, 72.847203399999998)",0,17,4,2018,581
704,47,20.5529713,74.5169139,2018-04-24 07:51:13.471,10973,44118,"(20.552971299999999, 74.516913900000006)",1,17,4,2018,517
705,28,20.9031166,74.7729367,2018-04-24 16:19:10.973,61,244,"(20.903116600000001, 74.772936700000002)",1,17,4,2018,1638
706,27,19.0549128,72.851822,2018-04-25 00:04:51.599,25169,281840,"(19.0549128, 72.851821999999999)",2,17,4,2018,4901
707,31,19.0548156,72.8520897,2018-04-25 01:49:04.690,1343,22,"(19.054815600000001, 72.852089699999993)",2,17,4,2018,8741
708,27,19.1071487,72.8369973,2018-04-25 05:09:01.796,64,423,"(19.1071487, 72.836997299999993)",2,17,4,2018,24206
709,38,19.0545304,72.8518486,2018-04-25 12:31:48.653,30,140,"(19.054530400000001, 72.851848599999997)",2,17,4,2018,3793
710,50,19.0546936,72.8522628,2018-04-25 13:49:37.727,870,52,"(19.0546936, 72.852262800000005)",2,17,4,2018,2570
711,35,19.0544662,72.8521629,2018-04-25 15:07:50.805,2112,8,"(19.0544662, 72.852162899999996)",2,17,4,2018,4522
712,16,19.0544662,72.8521629,2018-04-25 17:06:42.119,243,61,"(19.0544662, 72.852162899999996)",2,17,4,2018,4740
713,16,19.0544662,72.8521629,2018-04-26 02:22:25.372,28583,0,"(19.0544662, 72.852162899999996)",3,17,4,2018,3479
714,28,19.1071394,72.8370042,2018-04-26 04:09:28.526,29,210,"(19.107139400000001, 72.837004199999996)",3,17,4,2018,24440
715,40,19.0544893,72.8521199,2018-04-26 11:36:39.808,60,171,"(19.0544893, 72.852119900000005)",3,17,4,2018,4018
716,32,19.0545121,72.8522573,2018-04-26 15:14:49.001,3405,64,"(19.0545121, 72.852257300000005)",3,17,4,2018,4086
717,50,19.0548827,72.8518271,2018-04-27 01:32:56.761,2587,16,"(19.0548827, 72.851827099999994)",4,17,4,2018,975
718,31,19.0545977,72.8523262,2018-04-27 02:34:05.588,2692,63,"(19.054597699999999, 72.852326199999993)",4,17,4,2018,2293
719,29,19.107,72.836946,2018-04-27 03:41:10.928,28,274,"(19.106999999999999, 72.836945999999998)",4,17,4,2018,1377
720,42,19.1073423,72.8370634,2018-04-27 04:30:37.169,1583,4,"(19.107342299999999, 72.837063400000005)",4,17,4,2018,868
721,33,19.1074207,72.837058,2018-04-27 05:10:26.091,509,117,"(19.107420699999999, 72.837057999999999)",4,17,4,2018,23602
722,32,19.0545208,72.8522632,2018-04-27 13:22:41.031,29,52,"(19.054520799999999, 72.852263199999996)",4,17,4,2018,2218
723,16,19.0551959,72.8531286,2018-04-27 15:56:11.433,1910,0,"(19.055195900000001, 72.853128600000005)",4,17,4,2018,2181
724,28,19.0547325,72.8522049,2018-04-27 16:44:58.668,736,110,"(19.0547325, 72.852204900000004)",4,17,4,2018,1206
725,30,19.0546897,72.8522553,2018-04-28 00:52:07.373,21157,38,"(19.054689700000001, 72.852255299999996)",5,17,4,2018,1737
726,31,19.1069381,72.8370043,2018-04-28 01:49:51.136,29,287,"(19.106938100000001, 72.837004300000004)",5,17,4,2018,9408
727,28,19.1073659,72.837392,2018-04-28 04:28:24.294,61,51,"(19.107365900000001, 72.837391999999994)",5,17,4,2018,7141
728,27,19.1031664,72.8366056,2018-04-28 06:36:05.863,121,141,"(19.103166399999999, 72.836605599999999)",5,17,4,2018,758
729,30,19.1042749,72.8367573,2018-04-28 06:50:47.420,121,107,"(19.1042749, 72.836757300000002)",5,17,4,2018,619
730,28,19.1070225,72.8369998,2018-04-28 07:06:25.053,60,78,"(19.107022499999999, 72.836999800000001)",5,17,4,2018,17853
731,28,19.1067669,72.8402454,2018-04-28 12:17:28.782,260,163,"(19.1067669, 72.840245400000001)",5,17,4,2018,4794
732,28,19.1080925,72.8396939,2018-04-28 13:41:58.353,135,65,"(19.108092500000001, 72.8396939)",5,17,4,2018,4233
733,31,19.066766,72.833991,2018-04-28 15:20:39.395,30,70,"(19.066766000000001, 72.833990999999997)",5,17,4,2018,1117
734,28,19.0653898,72.8343853,2018-04-28 15:44:47.454,81,51,"(19.065389799999998, 72.834385299999994)",5,17,4,2018,1021
735,27,19.0645758,72.8348298,2018-04-28 16:09:01.369,430,76,"(19.0645758, 72.834829799999994)",5,17,4,2018,823
736,34,19.0548467,72.8517366,2018-04-28 18:52:26.239,8875,1955,"(19.054846699999999, 72.851736599999995)",5,17,4,2018,847
737,44,19.0544662,72.8521629,2018-04-29 03:49:38.439,4686,26,"(19.0544662, 72.852162899999996)",6,17,4,2018,6480
738,37,19.0694979,72.8682044,2018-04-29 05:56:46.368,124,543,"(19.069497899999998, 72.868204399999996)",6,17,4,2018,406
739,50,19.7255504,73.63111,2018-04-29 08:36:25.455,4989,63348,"(19.725550399999999, 73.631110000000007)",6,17,4,2018,2624
740,35,19.0548886,72.8518974,2018-05-01 15:52:36.863,175,970,"(19.054888600000002, 72.851897399999999)",1,18,5,2018,2247
741,17,19.0547851,72.8521989,2018-05-01 16:52:37.000,1347,45,"(19.0547851, 72.852198900000005)",1,18,5,2018,833
742,35,19.0548011,72.8519121,2018-05-01 18:09:47.753,1236,10,"(19.054801099999999, 72.851912100000007)",1,18,5,2018,1709
743,39,19.0548435,72.8517549,2018-05-01 22:19:32.448,13274,14,"(19.0548435, 72.851754900000003)",1,18,5,2018,481
744,30,19.0545565,72.8524133,2018-05-02 02:57:30.287,3994,73,"(19.0545565, 72.852413299999995)",2,18,5,2018,3461
745,30,19.1071174,72.8370351,2018-05-02 04:20:07.692,94,499,"(19.1071174, 72.837035099999994)",2,18,5,2018,7719
746,31,19.1070198,72.8371387,2018-05-02 07:00:51.799,1874,21,"(19.1070198, 72.837138699999997)",2,18,5,2018,9059
747,35,19.1071792,72.8372397,2018-05-02 10:47:29.565,4502,0,"(19.107179200000001, 72.837239699999998)",2,18,5,2018,16386
748,34,19.0550383,72.8518088,2018-05-02 15:57:01.006,395,80,"(19.0550383, 72.851808800000001)",2,18,5,2018,808
749,31,19.0548569,72.8519714,2018-05-02 17:01:24.836,3054,5,"(19.054856900000001, 72.851971399999996)",2,18,5,2018,3581
750,28,19.054738,72.8521568,2018-05-03 01:01:26.144,16453,24,"(19.054738, 72.852156800000003)",3,18,5,2018,6022
751,27,19.1071184,72.8369758,2018-05-03 03:08:38.180,30,52,"(19.107118400000001, 72.836975800000005)",3,18,5,2018,28135
752,16,19.0544645,72.8521889,2018-05-03 13:49:34.311,4076,51,"(19.054464500000002, 72.852188900000002)",3,18,5,2018,2145
753,23,19.0544645,72.8521889,2018-05-03 15:28:42.220,2536,57,"(19.054464500000002, 72.852188900000002)",3,18,5,2018,1365
754,36,19.0549812,72.8518433,2018-05-03 18:27:27.183,2107,13,"(19.0549812, 72.851843299999999)",3,18,5,2018,8280
755,30,19.055008,72.8519762,2018-05-03 21:40:39.750,3305,11,"(19.055008000000001, 72.851976199999996)",3,18,5,2018,13329
756,40,19.0550046,72.8519678,2018-05-04 02:24:30.015,3684,16,"(19.0550046, 72.851967799999997)",4,18,5,2018,1874
757,30,19.0546559,72.8522026,2018-05-04 03:44:59.198,2953,8,"(19.0546559, 72.852202599999998)",4,18,5,2018,856
758,30,19.1068219,72.8368862,2018-05-04 04:28:29.397,31,115,"(19.1068219, 72.836886199999995)",4,18,5,2018,3010
759,27,19.1071662,72.8372143,2018-05-04 06:44:20.244,5126,3,"(19.107166200000002, 72.837214299999999)",4,18,5,2018,2239
760,16,19.107138,72.837146,2018-05-04 11:56:07.174,16456,7,"(19.107137999999999, 72.837146000000004)",4,18,5,2018,613
761,29,19.0544652,72.8522925,2018-05-04 12:37:14.575,30,103,"(19.054465199999999, 72.852292500000004)",4,18,5,2018,1358
762,32,19.0542383,72.8519793,2018-05-04 14:14:22.987,4318,123,"(19.054238300000002, 72.851979299999996)",4,18,5,2018,4839
763,16,19.0544645,72.8521889,2018-05-04 15:51:36.480,497,57,"(19.054464500000002, 72.852188900000002)",4,18,5,2018,0
